行号,笔记标题,主页链接,原笔记地址,失败原因
56,笔记暂未设置标题,https://www.xiaohongshu.com/user/profile/56762fb103eb847ce39c8cae,https://www.xiaohongshu.com/explore/6a011fec000000000702b0b0?xhsshare=CopyLink&type=video,笔记无标题(不可恢复)
58,笔记暂未设置标题,https://www.xiaohongshu.com/user/profile/66c40ea7000000000b033435,https://www.xiaohongshu.com/explore/6a014a640000000038036aa5?xhsshare=CopyLink&type=video,笔记无标题(不可恢复)
75,笔记暂未设置标题,https://www.xiaohongshu.com/user/profile/5a61eb3411be1027f881a9c4,https://www.xiaohongshu.com/explore/6a01629700000000070117fb?xhsshare=CopyLink&type=video,笔记无标题(不可恢复)
98,笔记暂未设置标题,https://www.xiaohongshu.com/user/profile/60d88951000000000100405e,https://www.xiaohongshu.com/explore/6a01d5080000000007022672?xhsshare=CopyLink&type=video,笔记无标题(不可恢复)
104,笔记暂未设置标题,https://www.xiaohongshu.com/user/profile/5a767e9511be107a5610ff35,https://www.xiaohongshu.com/explore/6a00b45f000000003802350e?xhsshare=CopyLink&type=video,笔记无标题(不可恢复)
106,笔记暂未设置标题,https://www.xiaohongshu.com/user/profile/5baacfda1c5d630001cdb8ca,https://www.xiaohongshu.com/explore/6a01888400000000360027e9?xhsshare=CopyLink&type=video,笔记无标题(不可恢复)
117,笔记暂未设置标题,https://www.xiaohongshu.com/user/profile/60eb080c00000000010158f5,https://www.xiaohongshu.com/explore/6a01cfcf0000000008002fe0?xhsshare=CopyLink&type=video,笔记无标题(不可恢复)
121,慧曼洗碗机，本以为要翻车没想到是翻新,https://www.xiaohongshu.com/user/profile/66bb350b000000001d020956,https://www.xiaohongshu.com/explore/6a01896300000000080036f3?xhsshare=CopyLink&type=video,"未找到匹配笔记 (原地址有笔记ID=True, 原地址=https://www.xiaohongshu.com/explore/6a01896300000000080036f3?xhsshare=CopyLink&t)"
126,笔记暂未设置标题,https://www.xiaohongshu.com/user/profile/5e37816b000000000100bd90,https://www.xiaohongshu.com/explore/6a016eb70000000008026653?xhsshare=CopyLink&type=video,笔记无标题(不可恢复)
130,笔记暂未设置标题,https://www.xiaohongshu.com/user/profile/6511419f0000000016039868,https://www.xiaohongshu.com/explore/6a012f090000000035025e83?xhsshare=CopyLink&type=video,笔记无标题(不可恢复)
132,釉下彩盲盒仅9r👆而且保证每单都给盘💥,https://www.xiaohongshu.com/user/profile/694cea82000000003201d082,https://www.xiaohongshu.com/explore/6a01776a000000000702392a?xhsshare=CopyLink&type=video,"未找到匹配笔记 (原地址有笔记ID=True, 原地址=https://www.xiaohongshu.com/explore/6a01776a000000000702392a?xhsshare=CopyLink&t)"
133,笔记暂未设置标题,https://www.xiaohongshu.com/user/profile/55cdb1eaa75c95469b7bece1,https://www.xiaohongshu.com/explore/6a017e1b000000003501e527?xhsshare=CopyLink&type=video,笔记无标题(不可恢复)
141,西门子黑魔镜洗碗机有要的嘛！！,https://www.xiaohongshu.com/user/profile/69081c160000000032014684,https://www.xiaohongshu.com/explore/6a014e790000000007013d53?xhsshare=CopyLink&type=video,"未找到匹配笔记 (原地址有笔记ID=True, 原地址=https://www.xiaohongshu.com/explore/6a014e790000000007013d53?xhsshare=CopyLink&t)"
165,🔥惊喜618！美的X6S Max洗碗机有拼的吗？,https://www.xiaohongshu.com/user/profile/69a9145f0000000032037d16,https://www.xiaohongshu.com/explore/6a013b60000000003700e7a2?xhsshare=CopyLink&type=video,"未找到匹配笔记 (原地址有笔记ID=True, 原地址=https://www.xiaohongshu.com/explore/6a013b60000000003700e7a2?xhsshare=CopyLink&t)"
168,想买台洗碗机！！,https://www.xiaohongshu.com/user/profile/6189ca7d00000000210297c2,https://www.xiaohongshu.com/explore/6a01b0090000000038021245?xhsshare=CopyLink&type=video,"未找到匹配笔记 (原地址有笔记ID=True, 原地址=https://www.xiaohongshu.com/explore/6a01b0090000000038021245?xhsshare=CopyLink&t)"
169,包河区|三室一厅|个人转租合肥包河区区,https://www.xiaohongshu.com/user/profile/5bd282208eabf200015483ae,https://www.xiaohongshu.com/explore/6a00b7a9000000000702e15c?xhsshare=CopyLink&type=video,"未找到匹配笔记 (原地址有笔记ID=True, 原地址=https://www.xiaohongshu.com/explore/6a00b7a9000000000702e15c?xhsshare=CopyLink&t)"
170,笔记暂未设置标题,https://www.xiaohongshu.com/user/profile/674fce26000000001d02c8f6,https://www.xiaohongshu.com/explore/6a014487000000003601922d?xhsshare=CopyLink&type=video,笔记无标题(不可恢复)
173,笔记暂未设置标题,https://www.xiaohongshu.com/user/profile/646c8cca000000001c02b5e3,https://www.xiaohongshu.com/explore/6a01f3750000000038020e73?xhsshare=CopyLink&type=video,笔记无标题(不可恢复)
175,笔记暂未设置标题,https://www.xiaohongshu.com/user/profile/648ff755000000002a03695f,https://www.xiaohongshu.com/explore/6a019297000000000702a86d?xhsshare=CopyLink&type=video,笔记无标题(不可恢复)
183,笔记暂未设置标题,https://www.xiaohongshu.com/user/profile/5b18c8a511be107afa59e6c7,https://www.xiaohongshu.com/explore/6a01194b000000003601ad57?xhsshare=CopyLink&type=video,笔记无标题(不可恢复)
188,洗碗机的底下怎么可以这么脏,https://www.xiaohongshu.com/user/profile/5665592bb8ce1a7efda95b50,https://www.xiaohongshu.com/explore/6a014a4000000000080241f8?xhsshare=CopyLink&type=video,"未找到匹配笔记 (原地址有笔记ID=True, 原地址=https://www.xiaohongshu.com/explore/6a014a4000000000080241f8?xhsshare=CopyLink&t)"
196,笔记暂未设置标题,https://www.xiaohongshu.com/user/profile/61a742f1000000001000ecea,https://www.xiaohongshu.com/explore/6a00b675000000003700d766?xhsshare=CopyLink&type=video,笔记无标题(不可恢复)
203,Irvine 暑期转租｜UCI VDCN 官方公寓｜2B2B,https://www.xiaohongshu.com/user/profile/6563365a0000000002034153,https://www.xiaohongshu.com/explore/6a010bf4000000003502e891?xhsshare=CopyLink&type=video,"未找到匹配笔记 (原地址有笔记ID=True, 原地址=https://www.xiaohongshu.com/explore/6a010bf4000000003502e891?xhsshare=CopyLink&t)"
208,武汉西门子洗碗机99MC，还能上车！,https://www.xiaohongshu.com/user/profile/605f0a1c0000000001003b56,https://www.xiaohongshu.com/explore/6a014837000000003501d51b?xhsshare=CopyLink&type=video,"未找到匹配笔记 (原地址有笔记ID=True, 原地址=https://www.xiaohongshu.com/explore/6a014837000000003501d51b?xhsshare=CopyLink&t)"
212,我想问问六一八好价就必须进群吗？,https://www.xiaohongshu.com/user/profile/54f12beaa46e9665d4f1a984,https://www.xiaohongshu.com/explore/6a01536c0000000008003cf4?xhsshare=CopyLink&type=video,"未找到匹配笔记 (原地址有笔记ID=True, 原地址=https://www.xiaohongshu.com/explore/6a01536c0000000008003cf4?xhsshare=CopyLink&t)"
248,波士顿Fenway公寓｜暑期转租 （限女生🎀）,https://www.xiaohongshu.com/user/profile/5e63804a000000000100477d,https://www.xiaohongshu.com/explore/6a0107d6000000001002d000?xhsshare=CopyLink&type=video,"未找到匹配笔记 (原地址有笔记ID=True, 原地址=https://www.xiaohongshu.com/explore/6a0107d6000000001002d000?xhsshare=CopyLink&t)"
253,笔记暂未设置标题,https://www.xiaohongshu.com/user/profile/5f267282000000000101dc99,https://www.xiaohongshu.com/explore/6a015e730000000037036c04?xhsshare=CopyLink&type=video,笔记无标题(不可恢复)
256,笔记暂未设置标题,https://www.xiaohongshu.com/user/profile/5f1a1686000000000101fbdf,https://www.xiaohongshu.com/explore/6a0132e90000000007025841?xhsshare=CopyLink&type=video,笔记无标题(不可恢复)
280,2b1b 整租转租 6 月起租  Rmit/墨大/CBD,https://www.xiaohongshu.com/user/profile/6503cfba0000000012005b26,https://www.xiaohongshu.com/explore/6a01c2c0000000003501f748?xhsshare=CopyLink&type=video,"未找到匹配笔记 (原地址有笔记ID=True, 原地址=https://www.xiaohongshu.com/explore/6a01c2c0000000003501f748?xhsshare=CopyLink&t)"
288,莫纳什大学旁➗2b2b｜双主卧带露台🥬➕,https://www.xiaohongshu.com/user/profile/65d867720000000005033252,https://www.xiaohongshu.com/explore/6a0136e4000000000702b81a?xhsshare=CopyLink&type=video,"未找到匹配笔记 (原地址有笔记ID=True, 原地址=https://www.xiaohongshu.com/explore/6a0136e4000000000702b81a?xhsshare=CopyLink&t)"
289,618开门红‼️美的洗碗机X6Smax到手2700,https://www.xiaohongshu.com/user/profile/69b79fac0000000032037e64,https://www.xiaohongshu.com/explore/6a013a9f000000000802742f?xhsshare=CopyLink&type=video,"未找到匹配笔记 (原地址有笔记ID=True, 原地址=https://www.xiaohongshu.com/explore/6a013a9f000000000802742f?xhsshare=CopyLink&t)"
292,不会吧！居然有80%的人洗碗机都買桂了！,https://www.xiaohongshu.com/user/profile/69f15e610000000002002403,https://www.xiaohongshu.com/explore/6a01870c0000000008025c0e?xhsshare=CopyLink&type=video,"未找到匹配笔记 (原地址有笔记ID=True, 原地址=https://www.xiaohongshu.com/explore/6a01870c0000000008025c0e?xhsshare=CopyLink&t)"
293,西门子黑魔镜洗碗机有要的嘛！！,https://www.xiaohongshu.com/user/profile/68872460000000001e00a387,https://www.xiaohongshu.com/explore/6a0181150000000008033d95?xhsshare=CopyLink&type=video,"未找到匹配笔记 (原地址有笔记ID=True, 原地址=https://www.xiaohongshu.com/explore/6a0181150000000008033d95?xhsshare=CopyLink&t)"
304,笔记暂未设置标题,https://www.xiaohongshu.com/user/profile/67a1dd8f000000000e012089,https://www.xiaohongshu.com/explore/6a012e330000000035025b84?xhsshare=CopyLink&type=video,笔记无标题(不可恢复)
311,万物皆可洗碗机,https://www.xiaohongshu.com/user/profile/6896b22c000000002803775f,https://www.xiaohongshu.com/explore/6a0110970000000008001739?xhsshare=CopyLink&type=video,"未找到匹配笔记 (原地址有笔记ID=True, 原地址=https://www.xiaohongshu.com/explore/6a0110970000000008001739?xhsshare=CopyLink&t)"
331,西门子黑魔镜636Mega2.0,https://www.xiaohongshu.com/user/profile/69f1bff70000000002001401,https://www.xiaohongshu.com/explore/6a0180e40000000035020113?xhsshare=CopyLink&type=video,"未找到匹配笔记 (原地址有笔记ID=True, 原地址=https://www.xiaohongshu.com/explore/6a0180e40000000035020113?xhsshare=CopyLink&t)"
348,笔记暂未设置标题,https://www.xiaohongshu.com/user/profile/69b65478000000003402e5b1,https://www.xiaohongshu.com/explore/6a019fde000000000702b23c?xhsshare=CopyLink&type=video,笔记无标题(不可恢复)
349,笔记暂未设置标题,https://www.xiaohongshu.com/user/profile/5fb3da580000000001009422,https://www.xiaohongshu.com/explore/6a0144620000000038034947?xhsshare=CopyLink&type=video,笔记无标题(不可恢复)
356,笔记暂未设置标题,https://www.xiaohongshu.com/user/profile/64f172330000000002012a04,https://www.xiaohongshu.com/explore/6a018fc50000000038035975?xhsshare=CopyLink&type=video,笔记无标题(不可恢复)
361,Irvine 暑期转租｜UCI VDCN 官方公寓｜2B2B,https://www.xiaohongshu.com/user/profile/62a73cbe000000001b027ff4,https://www.xiaohongshu.com/explore/6a010e1000000000350297af?xhsshare=CopyLink&type=video,"未找到匹配笔记 (原地址有笔记ID=True, 原地址=https://www.xiaohongshu.com/explore/6a010e1000000000350297af?xhsshare=CopyLink&t)"
374,Kampus corner 2b暑期转租6.13起,https://www.xiaohongshu.com/user/profile/690b59990000000037002860,https://www.xiaohongshu.com/explore/6a01a2b6000000003502d1bc?xhsshare=CopyLink&type=video,"未找到匹配笔记 (原地址有笔记ID=True, 原地址=https://www.xiaohongshu.com/explore/6a01a2b6000000003502d1bc?xhsshare=CopyLink&t)"
377,笔记暂未设置标题,https://www.xiaohongshu.com/user/profile/5fd5072500000000010016a0,https://www.xiaohongshu.com/explore/6a01f70f000000000802639f?xhsshare=CopyLink&type=video,笔记无标题(不可恢复)
382,笔记暂未设置标题,https://www.xiaohongshu.com/user/profile/692ed5bd000000003703237f,https://www.xiaohongshu.com/explore/6a0143840000000008002ec0?xhsshare=CopyLink&type=video,笔记无标题(不可恢复)
390,笔记暂未设置标题,https://www.xiaohongshu.com/user/profile/5c1f57aa000000000603021b,https://www.xiaohongshu.com/explore/6a00e2c9000000003502d3aa?xhsshare=CopyLink&type=video,笔记无标题(不可恢复)
393,笔记暂未设置标题,https://www.xiaohongshu.com/user/profile/637b1573000000002302420b,https://www.xiaohongshu.com/explore/6a0156e400000000370346c2?xhsshare=CopyLink&type=video,笔记无标题(不可恢复)
411,618第一战！美的X6Smax到手2800,https://www.xiaohongshu.com/user/profile/68fc7f9d000000003700a1af,https://www.xiaohongshu.com/explore/6a013b6f0000000038020ab7?xhsshare=CopyLink&type=video,"未找到匹配笔记 (原地址有笔记ID=True, 原地址=https://www.xiaohongshu.com/explore/6a013b6f0000000038020ab7?xhsshare=CopyLink&t)"
414,笔记暂未设置标题,https://www.xiaohongshu.com/user/profile/648a9798000000000f0070b9,https://www.xiaohongshu.com/explore/6a016aab0000000038034f6a?xhsshare=CopyLink&type=video,笔记无标题(不可恢复)
426,68第一波‼️美的洗碗机X6Smax要不要,https://www.xiaohongshu.com/user/profile/68f59f0c0000000037032319,https://www.xiaohongshu.com/explore/6a01790700000000350329dc?xhsshare=CopyLink&type=video,"未找到匹配笔记 (原地址有笔记ID=True, 原地址=https://www.xiaohongshu.com/explore/6a01790700000000350329dc?xhsshare=CopyLink&t)"
435,品牌的厨卫家电真的不贵，别再瞎挑了！,https://www.xiaohongshu.com/user/profile/69d89a9a0000000032024f63,https://www.xiaohongshu.com/explore/6a019660000000003502727e?xhsshare=CopyLink&type=video,"未找到匹配笔记 (原地址有笔记ID=True, 原地址=https://www.xiaohongshu.com/explore/6a019660000000003502727e?xhsshare=CopyLink&t)"
438,笔记暂未设置标题,https://www.xiaohongshu.com/user/profile/697881400000000024018dfc,https://www.xiaohongshu.com/explore/6a018d55000000003502cf80?xhsshare=CopyLink&type=video,笔记无标题(不可恢复)
439,笔记暂未设置标题,https://www.xiaohongshu.com/user/profile/67c420a2000000000e0129d8,https://www.xiaohongshu.com/explore/6a01500d0000000007010512?xhsshare=CopyLink&type=video,笔记无标题(不可恢复)
460,笔记暂未设置标题,https://www.xiaohongshu.com/user/profile/69b76cb3000000003302bd8f,https://www.xiaohongshu.com/explore/6a015edd000000000702fbfa?xhsshare=CopyLink&type=video,笔记无标题(不可恢复)
461,英国🇬🇧空气炸锅寻找在英国华人体验啦,https://www.xiaohongshu.com/user/profile/60af6e6e00000000010039b1,https://www.xiaohongshu.com/explore/6a00c2350000000006031f8d?xhsshare=CopyLink&type=video,"未找到匹配笔记 (原地址有笔记ID=True, 原地址=https://www.xiaohongshu.com/explore/6a00c2350000000006031f8d?xhsshare=CopyLink&t)"
479,笔记暂未设置标题,https://www.xiaohongshu.com/user/profile/5be7d70d29ae6c0001df7f5e,https://www.xiaohongshu.com/explore/6a01cfe1000000003701c6c0?xhsshare=CopyLink&type=video,笔记无标题(不可恢复)
483,本洗碗机大户先试试水这新象洗碗机,https://www.xiaohongshu.com/user/profile/6062ff10000000000100564c,https://www.xiaohongshu.com/explore/6a018ce30000000007012363?xhsshare=CopyLink&type=video,"未找到匹配笔记 (原地址有笔记ID=True, 原地址=https://www.xiaohongshu.com/explore/6a018ce30000000007012363?xhsshare=CopyLink&t)"
501,笔记暂未设置标题,https://www.xiaohongshu.com/user/profile/5cd83c400000000012008f11,https://www.xiaohongshu.com/explore/6a0146ea000000003501ce0c?xhsshare=CopyLink&type=video,笔记无标题(不可恢复)
502,海尔W5000plus洗碗机，💰20张安全下车！,https://www.xiaohongshu.com/user/profile/69f7f96e0000000002002001,https://www.xiaohongshu.com/explore/6a01786500000000350249b2?xhsshare=CopyLink&type=video,"未找到匹配笔记 (原地址有笔记ID=True, 原地址=https://www.xiaohongshu.com/explore/6a01786500000000350249b2?xhsshare=CopyLink&t)"
503,笔记暂未设置标题,https://www.xiaohongshu.com/user/profile/6443f00300000000290164d9,https://www.xiaohongshu.com/explore/6a00b9fd000000000802489c?xhsshare=CopyLink&type=video,笔记无标题(不可恢复)
511,洗碗机合集🌞,https://www.xiaohongshu.com/user/profile/69e8917d0000000002000c03,https://www.xiaohongshu.com/explore/6a019331000000000803da6d?xhsshare=CopyLink&type=video,"未找到匹配笔记 (原地址有笔记ID=True, 原地址=https://www.xiaohongshu.com/explore/6a019331000000000803da6d?xhsshare=CopyLink&t)"
515,告别塑料吸管，虎牌新款不锈钢吸管保温杯,https://www.xiaohongshu.com/user/profile/5a04430a11be102934f459ca,https://www.xiaohongshu.com/explore/6a0167e50000000036003e5a?xhsshare=CopyLink&type=video,"查找失败: Page.wait_for_timeout: Target page, context or browser has been closed"
516,19.9r四盘盲盒，保证能开出四个盘子❗️,https://www.xiaohongshu.com/user/profile/69f30219000000000103d800,https://www.xiaohongshu.com/explore/6a01a1e00000000035027a34?xhsshare=CopyLink&type=video,"查找失败: Page.wait_for_timeout: Target page, context or browser has been closed"
517,有最近要买海尔W5000plus+的姐妹们？差6人,https://www.xiaohongshu.com/user/profile/67b57b9e00000000060139da,https://www.xiaohongshu.com/explore/6a0173ab00000000350239e5?xhsshare=CopyLink&type=video,"查找失败: Page.wait_for_timeout: Target page, context or browser has been closed"
518,哇趣✨这也太是那个了吧❗️太夯了👍,https://www.xiaohongshu.com/user/profile/617a0d4100000000020211e0,https://www.xiaohongshu.com/explore/6a01812a0000000008000c3b?xhsshare=CopyLink&type=video,"查找失败: Page.wait_for_timeout: Target page, context or browser has been closed"
519,金融城东大平层 带岛台 业主急租,https://www.xiaohongshu.com/user/profile/596343be5e87e751199c1a98,https://www.xiaohongshu.com/explore/6a014739000000000702839a?xhsshare=CopyLink&type=video,"查找失败: Page.wait_for_timeout: Target page, context or browser has been closed"
520,在新加坡，谁还没被这口“自动保温”的锅治愈？,https://www.xiaohongshu.com/user/profile/69db99780000000026002cc0,https://www.xiaohongshu.com/explore/6a012a570000000013020400?xhsshare=CopyLink&type=video,"查找失败: Page.wait_for_timeout: Target page, context or browser has been closed"
521,小面积厨房洗碗机怎么选吸睛爆款,https://www.xiaohongshu.com/user/profile/5c0f7224000000000702c72d,https://www.xiaohongshu.com/explore/6a0143ff0000000007010964?xhsshare=CopyLink&type=video,"查找失败: Page.wait_for_timeout: Target page, context or browser has been closed"
522,笔记暂未设置标题,https://www.xiaohongshu.com/user/profile/6421a4820000000012011b22,https://www.xiaohongshu.com/explore/6a0131780000000007023925?xhsshare=CopyLink&type=video,笔记无标题(不可恢复)
523,☁️【静音+自开门烘干】,https://www.xiaohongshu.com/user/profile/68af16f9000000001a026b52,https://www.xiaohongshu.com/explore/6a015503000000000702874b?xhsshare=CopyLink&type=video,"查找失败: Page.wait_for_timeout: Target page, context or browser has been closed"
524,洗碗机烘干方式｜博世沸石烘干封神,https://www.xiaohongshu.com/user/profile/6242b01a0000000021021f45,https://www.xiaohongshu.com/explore/6a017957000000000702a729?xhsshare=CopyLink&type=video,"查找失败: Page.wait_for_timeout: Target page, context or browser has been closed"
525,装修能踩多少坑（动态更新篇）,https://www.xiaohongshu.com/user/profile/55d2aea667bc65310335c424,https://www.xiaohongshu.com/explore/6a00c036000000000702f093?xhsshare=CopyLink&type=video,"查找失败: Page.wait_for_timeout: Target page, context or browser has been closed"
526,厨房转角，塞进洗碗机，这样设计,https://www.xiaohongshu.com/user/profile/600af8c6000000000101d0ae,https://www.xiaohongshu.com/explore/6a019a880000000035028986?xhsshare=CopyLink&type=video,"查找失败: Page.wait_for_timeout: Target page, context or browser has been closed"
527,汉阳国博｜119平50万精装捡漏次新房🏠,https://www.xiaohongshu.com/user/profile/6960990b0000000032018939,https://www.xiaohongshu.com/explore/6a01c42b000000003701c1f9?xhsshare=CopyLink&type=video,"查找失败: Page.wait_for_timeout: Target page, context or browser has been closed"
528,新款杯子，欢迎博主分享,https://www.xiaohongshu.com/user/profile/68942b62000000002803700e,https://www.xiaohongshu.com/explore/6a0179d00000000007025b75?xhsshare=CopyLink&type=video,"查找失败: Page.wait_for_timeout: Target page, context or browser has been closed"
529,漂亮锅➕实用的锅✖️1,https://www.xiaohongshu.com/user/profile/5f3bbb9f00000000010090d8,https://www.xiaohongshu.com/explore/6a013faf000000003700ff13?xhsshare=CopyLink&type=video,"查找失败: Page.wait_for_timeout: Target page, context or browser has been closed"
530,给厨房来点红，红火灶🔥,https://www.xiaohongshu.com/user/profile/696f067f000000003700bf1e,https://www.xiaohongshu.com/explore/6a0147cf0000000038020dc9?xhsshare=CopyLink&type=video,"查找失败: Page.wait_for_timeout: Target page, context or browser has been closed"
531,会展湾｜招商雍境花园89平🈳三房两厅两卫,https://www.xiaohongshu.com/user/profile/660fd2980000000007007df9,https://www.xiaohongshu.com/explore/6a0193b8000000000803dd42?xhsshare=CopyLink&type=video,"查找失败: Page.wait_for_timeout: Target page, context or browser has been closed"
532,洗碗机摆碗day105有配音叭叭版,https://www.xiaohongshu.com/user/profile/63440d8d0000000018028edd,https://www.xiaohongshu.com/explore/6a019bbb000000003501cff5?xhsshare=CopyLink&type=video,"查找失败: Page.wait_for_timeout: Target page, context or browser has been closed"
533,曼大留学必住Tatton house神仙studio,https://www.xiaohongshu.com/user/profile/63d4fd5500000000260059a8,https://www.xiaohongshu.com/explore/6a018d9c000000003701fb9c?xhsshare=CopyLink&type=video,"查找失败: Page.wait_for_timeout: Target page, context or browser has been closed"
534,笔记暂未设置标题,https://www.xiaohongshu.com/user/profile/60fb6a600000000001003709,https://www.xiaohongshu.com/explore/6a018d95000000000702d7e1?xhsshare=CopyLink&type=video,笔记无标题(不可恢复)
535,老板小太阳V20求真实反馈！纠结党在线等,https://www.xiaohongshu.com/user/profile/5c60eae9000000001a010012,https://www.xiaohongshu.com/explore/6a01976600000000080000fc?xhsshare=CopyLink&type=video,"查找失败: Page.wait_for_timeout: Target page, context or browser has been closed"
536,爱了爱了，几块钱的儿童塑料盘，给我冲！,https://www.xiaohongshu.com/user/profile/655cda3a00000000080039a8,https://www.xiaohongshu.com/explore/6a01351100000000070260d1?xhsshare=CopyLink&type=video,"查找失败: Page.wait_for_timeout: Target page, context or browser has been closed"
537,笔记暂未设置标题,https://www.xiaohongshu.com/user/profile/6253d51e000000000d032134,https://www.xiaohongshu.com/explore/6a019fa00000000007020a98?xhsshare=CopyLink&type=video,笔记无标题(不可恢复)
538,✨新家毕业照｜被华帝全套厨电承包的幸福感,https://www.xiaohongshu.com/user/profile/59bd2fc651783a45d76aeb72,https://www.xiaohongshu.com/explore/6a01576b00000000060226cc?xhsshare=CopyLink&type=video,"查找失败: Page.wait_for_timeout: Target page, context or browser has been closed"
539,卡萨帝压式and抽屉式洗碗机,https://www.xiaohongshu.com/user/profile/5dfddd480000000001002f66,https://www.xiaohongshu.com/explore/6a017c070000000035022663?xhsshare=CopyLink&type=video,"查找失败: Page.wait_for_timeout: Target page, context or browser has been closed"
540,今天被老板洗碗机狠狠种草了！,https://www.xiaohongshu.com/user/profile/5e821d00000000000100553f,https://www.xiaohongshu.com/explore/6a015660000000003501e0bf?xhsshare=CopyLink&type=video,"查找失败: Page.wait_for_timeout: Target page, context or browser has been closed"
541,厨房幸福感天花板｜西门子抬高洗碗机,https://www.xiaohongshu.com/user/profile/630c3bad000000000f005a05,https://www.xiaohongshu.com/explore/6a019aae000000003700eac1?xhsshare=CopyLink&type=video,"查找失败: Page.wait_for_timeout: Target page, context or browser has been closed"
542,一拖三的一点点分享,https://www.xiaohongshu.com/user/profile/5483bd27e779895b7518e096,https://www.xiaohongshu.com/explore/6a00b95b000000003601f9ca?xhsshare=CopyLink&type=video,"查找失败: Page.wait_for_timeout: Target page, context or browser has been closed"
543,牛津便宜暑假出租,https://www.xiaohongshu.com/user/profile/602bef24000000000101eb34,https://www.xiaohongshu.com/explore/6a01a7ba000000000803cd95?xhsshare=CopyLink&type=video,"查找失败: Page.wait_for_timeout: Target page, context or browser has been closed"
544,📍南山绿景白石洲,https://www.xiaohongshu.com/user/profile/67a9c7f2000000000e01339e,https://www.xiaohongshu.com/explore/6a014c9c0000000035030dec?xhsshare=CopyLink&type=video,"查找失败: Page.wait_for_timeout: Target page, context or browser has been closed"
545,📍复旦二附陪读首选｜精装三房 拎包入住,https://www.xiaohongshu.com/user/profile/5f8859610000000001004826,https://www.xiaohongshu.com/explore/6a0163b1000000003601b5fe?xhsshare=CopyLink&type=video,"查找失败: Page.wait_for_timeout: Target page, context or browser has been closed"
546,路过暂停，大事宣告💥,https://www.xiaohongshu.com/user/profile/614d69d0000000001f03678c,https://www.xiaohongshu.com/explore/6a01768f00000000360320c8?xhsshare=CopyLink&type=video,"查找失败: Page.wait_for_timeout: Target page, context or browser has been closed"
547,博世洗碗机沸石功能大拆解,https://www.xiaohongshu.com/user/profile/625d69b90000000021021062,https://www.xiaohongshu.com/explore/6a01ae170000000006033a3c?xhsshare=CopyLink&type=video,"查找失败: Page.wait_for_timeout: Target page, context or browser has been closed"
548,外国人可 西麻布三重门禁朝东2LDK电梯房,https://www.xiaohongshu.com/user/profile/69b299ed000000002603b4a2,https://www.xiaohongshu.com/explore/6a012c780000000013020400?xhsshare=CopyLink&type=video,"查找失败: Page.wait_for_timeout: Target page, context or browser has been closed"
549,高新区 180㎡大平层 套四三卫 一梯一户,https://www.xiaohongshu.com/user/profile/67efc078000000000e01c39f,https://www.xiaohongshu.com/explore/6a01cb62000000003601e71e?xhsshare=CopyLink&type=video,"查找失败: Page.wait_for_timeout: Target page, context or browser has been closed"
550,我也不想买啊 但是它真的很便宜！！！,https://www.xiaohongshu.com/user/profile/6839ef9e000000001b01894f,https://www.xiaohongshu.com/explore/6a00bc780000000036019f6a?xhsshare=CopyLink&type=video,"查找失败: Page.wait_for_timeout: Target page, context or browser has been closed"
551,西门子晶蕾洗碗机,https://www.xiaohongshu.com/user/profile/5ac0de434eacab438f037e46,https://www.xiaohongshu.com/explore/6a01cff8000000003501c3c6?xhsshare=CopyLink&type=video,"查找失败: Page.wait_for_timeout: Target page, context or browser has been closed"
552,静安枫景前排高区景观两房 中空地暖洗碗机,https://www.xiaohongshu.com/user/profile/5c66818000000000100198f0,https://www.xiaohongshu.com/explore/6a01a82a000000000603192f?xhsshare=CopyLink&type=video,"查找失败: Page.wait_for_timeout: Target page, context or browser has been closed"
553,纠结博世Z10系列？Plus和Pro看完再也不迷茫,https://www.xiaohongshu.com/user/profile/5f950dbd00000000010074ba,https://www.xiaohongshu.com/explore/6a012f600000000007012f7f?xhsshare=CopyLink&type=video,"查找失败: Page.wait_for_timeout: Target page, context or browser has been closed"
554,杭州厨电抄作业！真的绝了🤩,https://www.xiaohongshu.com/user/profile/5e1dc678000000000100a4c8,https://www.xiaohongshu.com/explore/6a011ae00000000036002e63?xhsshare=CopyLink&type=video,"查找失败: Page.wait_for_timeout: Target page, context or browser has been closed"
555,这台洗碗机把我宠成废物,https://www.xiaohongshu.com/user/profile/5a01363f4eacab112f7d7077,https://www.xiaohongshu.com/explore/6a014f4d000000003601eeb8?xhsshare=CopyLink&type=video,"查找失败: Page.wait_for_timeout: Target page, context or browser has been closed"
556,精装修厨房全拆了,https://www.xiaohongshu.com/user/profile/640319e6000000001001d4b1,https://www.xiaohongshu.com/explore/6a01ae5f0000000036019fb4?xhsshare=CopyLink&type=video,"查找失败: Page.wait_for_timeout: Target page, context or browser has been closed"
557,洗碗机洗出彩虹纹？可能是这两种情况,https://www.xiaohongshu.com/user/profile/5f87e2c7000000000100444e,https://www.xiaohongshu.com/explore/6a01a3c50000000006021d98?xhsshare=CopyLink&type=video,"查找失败: Page.wait_for_timeout: Target page, context or browser has been closed"
558,北京装修｜拆旧清运一分钱不花？真的！,https://www.xiaohongshu.com/user/profile/65a8d503000000000801663b,https://www.xiaohongshu.com/explore/6a01af23000000003603317c?xhsshare=CopyLink&type=video,"查找失败: Page.wait_for_timeout: Target page, context or browser has been closed"
559,好好做家务 | 勤劳的小蜜蜂来刷碗,https://www.xiaohongshu.com/user/profile/6900738e00000000370315b1,https://www.xiaohongshu.com/explore/6a0119cf0000000036002cc6?xhsshare=CopyLink&type=video,"查找失败: Page.wait_for_timeout: Target page, context or browser has been closed"
560,🇦🇺阿德1b1b 急转带衣帽间 300pw,https://www.xiaohongshu.com/user/profile/67ec925600000000080155b8,https://www.xiaohongshu.com/explore/6a0140640000000006031945?xhsshare=CopyLink&type=video,"查找失败: Page.wait_for_timeout: Target page, context or browser has been closed"
561,洗碗机别乱买！记住这八点技巧不再踩坑✨,https://www.xiaohongshu.com/user/profile/610f4d7f000000000101c280,https://www.xiaohongshu.com/explore/6a01d3c1000000000702d0b4?xhsshare=CopyLink&type=video,"查找失败: Page.wait_for_timeout: Target page, context or browser has been closed"
562,618西门子洗碗机千万别错过！,https://www.xiaohongshu.com/user/profile/69f2b43e0000000002000c06,https://www.xiaohongshu.com/explore/6a0130fe000000000803cb83?xhsshare=CopyLink&type=video,"查找失败: Page.wait_for_timeout: Target page, context or browser has been closed"
563,我这口小锅真好用,https://www.xiaohongshu.com/user/profile/68b150b50000000019016097,https://www.xiaohongshu.com/explore/6a013a1d00000000080334e6?xhsshare=CopyLink&type=video,"查找失败: Page.wait_for_timeout: Target page, context or browser has been closed"
564,笔记暂未设置标题,https://www.xiaohongshu.com/user/profile/622ff1ce000000001000b521,https://www.xiaohongshu.com/explore/6a0172d1000000003501e96b?xhsshare=CopyLink&type=video,笔记无标题(不可恢复)
565,📍萧山租房｜杭州南站｜山澜桂语轩｜横厅｜66张,https://www.xiaohongshu.com/user/profile/6832f04b000000001802147e,https://www.xiaohongshu.com/explore/6a01574b000000003502f98b?xhsshare=CopyLink&type=video,"查找失败: Page.wait_for_timeout: Target page, context or browser has been closed"
566,你们都买了哪家的台式洗碗机啊,https://www.xiaohongshu.com/user/profile/645afb05000000001f033fd2,https://www.xiaohongshu.com/explore/6a01a1310000000007021389?xhsshare=CopyLink&type=video,"查找失败: Page.wait_for_timeout: Target page, context or browser has been closed"
567,厨房布局,https://www.xiaohongshu.com/user/profile/5cb7f8230000000010035937,https://www.xiaohongshu.com/explore/6a01e49000000000360004f3?xhsshare=CopyLink&type=video,"查找失败: Page.wait_for_timeout: Target page, context or browser has been closed"
568,西门子晶蕾20套洗碗机，开团啦,https://www.xiaohongshu.com/user/profile/5d30b2b0000000001601a760,https://www.xiaohongshu.com/explore/6a014293000000000803d8ea?xhsshare=CopyLink&type=video,"查找失败: Page.wait_for_timeout: Target page, context or browser has been closed"
569,映月江南府120平 车位洗碗机仅4500,https://www.xiaohongshu.com/user/profile/625545f8000000001000983e,https://www.xiaohongshu.com/explore/6a0179890000000038020c27?xhsshare=CopyLink&type=video,"查找失败: Page.wait_for_timeout: Target page, context or browser has been closed"
570,告别洗碗！西门子洗碗机太香了🥢,https://www.xiaohongshu.com/user/profile/630c3bad000000000f005a05,https://www.xiaohongshu.com/explore/6a0169720000000038023a2a?xhsshare=CopyLink&type=video,"查找失败: Page.wait_for_timeout: Target page, context or browser has been closed"
571,美的X6SMAX万向洗碗机3000＋即可入手,https://www.xiaohongshu.com/user/profile/60c050ca0000000001003d1d,https://www.xiaohongshu.com/explore/6a010fb300000000080308a5?xhsshare=CopyLink&type=video,"查找失败: Page.wait_for_timeout: Target page, context or browser has been closed"
572,周末解锁懒人开缸新玩法✨,https://www.xiaohongshu.com/user/profile/5f378656000000000101d9e4,https://www.xiaohongshu.com/explore/6a018549000000000802530d?xhsshare=CopyLink&type=video,"查找失败: Page.wait_for_timeout: Target page, context or browser has been closed"
573,海尔w5000Plus➕参团💰2500到手，可以买吗？,https://www.xiaohongshu.com/user/profile/669d138400000000240201a4,https://www.xiaohongshu.com/explore/6a0149ed000000000702dba0?xhsshare=CopyLink&type=video,"查找失败: Page.wait_for_timeout: Target page, context or browser has been closed"
574,5月11日，方太电器，你说型号，我报价💡,https://www.xiaohongshu.com/user/profile/6729d82c000000001c018fb5,https://www.xiaohongshu.com/explore/6a013b320000000007022175?xhsshare=CopyLink&type=video,"查找失败: Page.wait_for_timeout: Target page, context or browser has been closed"
575,伦敦一区1b1b舒适小窝350pw转 包bill可🔪,https://www.xiaohongshu.com/user/profile/674972c0000000001d02c355,https://www.xiaohongshu.com/explore/6a0184fa000000000702a14c?xhsshare=CopyLink&type=video,"查找失败: Page.wait_for_timeout: Target page, context or browser has been closed"
576,找到了这个壶，接一壶就够啦！,https://www.xiaohongshu.com/user/profile/5482b328d6e4a9571cbf0b27,https://www.xiaohongshu.com/explore/6a01c4160000000035024286?xhsshare=CopyLink&type=video,"查找失败: Page.wait_for_timeout: Target page, context or browser has been closed"
577,洗碗机党必看！这把刮刀真的太值了,https://www.xiaohongshu.com/user/profile/5a3a99fa4eacab6d7902d70a,https://www.xiaohongshu.com/explore/6a0133210000000007025913?xhsshare=CopyLink&type=video,"查找失败: Page.wait_for_timeout: Target page, context or browser has been closed"
578,上海，我家阿姨要走了，含泪转,https://www.xiaohongshu.com/user/profile/69ed89430000000002002802,https://www.xiaohongshu.com/explore/6a017f0e0000000035030a3f?xhsshare=CopyLink&type=video,"查找失败: Page.wait_for_timeout: Target page, context or browser has been closed"
579,远洋西溪公馆，85平，3室2厅，精装修，中楼层,https://www.xiaohongshu.com/user/profile/5bdd3228bb0b910001ef4e01,https://www.xiaohongshu.com/explore/6a019a7b0000000006030bbe?xhsshare=CopyLink&type=video,"查找失败: Page.wait_for_timeout: Target page, context or browser has been closed"
580,🧊夏日降温神器！会“吐”冰球的杯子也太,https://www.xiaohongshu.com/user/profile/618903920000000010008bbe,https://www.xiaohongshu.com/explore/6a014f660000000037035f7d?xhsshare=CopyLink&type=video,"查找失败: Page.wait_for_timeout: Target page, context or browser has been closed"
581,笔记暂未设置标题,https://www.xiaohongshu.com/user/profile/66ab3a9c000000001d022c8e,https://www.xiaohongshu.com/explore/6a01461e000000003601fadd?xhsshare=CopyLink&type=video,笔记无标题(不可恢复)
582,这种洗碗方式，餐饮人都知道吗？,https://www.xiaohongshu.com/user/profile/617e1d41000000000201e00f,https://www.xiaohongshu.com/explore/6a018fd3000000003701c8d1?xhsshare=CopyLink&type=video,"查找失败: Page.wait_for_timeout: Target page, context or browser has been closed"
583,呕心沥血🥺厨房四大件！没人更便宜了吧？,https://www.xiaohongshu.com/user/profile/677d191100000000060110a5,https://www.xiaohongshu.com/explore/6a013a94000000003501ccad?xhsshare=CopyLink&type=video,"查找失败: Page.wait_for_timeout: Target page, context or browser has been closed"
584,厨房下柜浪费千万别忍😭,https://www.xiaohongshu.com/user/profile/68e7339600000000310175cf,https://www.xiaohongshu.com/explore/6a013add000000003601fdc1?xhsshare=CopyLink&type=video,"查找失败: Page.wait_for_timeout: Target page, context or browser has been closed"
585,家人们！我挖到一款宝藏碗🥣🍮,https://www.xiaohongshu.com/user/profile/602e6df90000000001008efe,https://www.xiaohongshu.com/explore/6a01aa1900000000370356a1?xhsshare=CopyLink&type=video,"查找失败: Page.wait_for_timeout: Target page, context or browser has been closed"
586,这个“简洁”的洗碗机，可以换颜色。✨厨,https://www.xiaohongshu.com/user/profile/6836cc05000000001b01ac2f,https://www.xiaohongshu.com/explore/6a01dcb60000000008026509?xhsshare=CopyLink&type=video,"查找失败: Page.wait_for_timeout: Target page, context or browser has been closed"
587,油烟机怎么选不踩坑👉 AK10PRO小西梅油,https://www.xiaohongshu.com/user/profile/67963676000000000e01fd68,https://www.xiaohongshu.com/explore/6a01892700000000080035a7?xhsshare=CopyLink&type=video,"查找失败: Page.wait_for_timeout: Target page, context or browser has been closed"
588,Pratt institute 公寓转租,https://www.xiaohongshu.com/user/profile/5b12a325e8ac2b593bb03f18,https://www.xiaohongshu.com/explore/6a01f5110000000036001a66?xhsshare=CopyLink&type=video,"查找失败: Page.wait_for_timeout: Target page, context or browser has been closed"
589,我叫老板定价9.9r一箱，限100单❗️抢抢抢,https://www.xiaohongshu.com/user/profile/65d175c6000000000401e02d,https://www.xiaohongshu.com/explore/6a016ac2000000003700dfd7?xhsshare=CopyLink&type=video,"查找失败: Page.wait_for_timeout: Target page, context or browser has been closed"
590,🇺🇸美区us不锈钢锅| 5🔪！仅限美国,https://www.xiaohongshu.com/user/profile/68ea2077000000003702ad3b,https://www.xiaohongshu.com/explore/6a019054000000000602316d?xhsshare=CopyLink&type=video,"查找失败: Page.wait_for_timeout: Target page, context or browser has been closed"
591,笔记暂未设置标题,https://www.xiaohongshu.com/user/profile/6630beac0000000007007c4a,https://www.xiaohongshu.com/explore/6a00bfc7000000003703773c?xhsshare=CopyLink&type=video,笔记无标题(不可恢复)
592,不起眼的小物件，却是洗碗机刚需,https://www.xiaohongshu.com/user/profile/5a3a99fa4eacab6d7902d70a,https://www.xiaohongshu.com/explore/6a01a96f00000000070202a6?xhsshare=CopyLink&type=video,"查找失败: Page.wait_for_timeout: Target page, context or browser has been closed"
593,装修日记🏠 确认6款家电需求,https://www.xiaohongshu.com/user/profile/692959c300000000370337e1,https://www.xiaohongshu.com/explore/6a01a7160000000038036a87?xhsshare=CopyLink&type=video,"查找失败: Page.wait_for_timeout: Target page, context or browser has been closed"
594,uw trailside2b2b暑期转租请来🩷,https://www.xiaohongshu.com/user/profile/5f268dd20000000001008611,https://www.xiaohongshu.com/explore/6a00d25a0000000035031349?xhsshare=CopyLink&type=video,"查找失败: Page.wait_for_timeout: Target page, context or browser has been closed"
595,有没有最近买贵了西门子晶蕾洗碗机的倒霉蛋,https://www.xiaohongshu.com/user/profile/69afd36b0000000032036098,https://www.xiaohongshu.com/explore/6a0153d2000000003700eed8?xhsshare=CopyLink&type=video,"查找失败: Page.wait_for_timeout: Target page, context or browser has been closed"
596,水槽洗碗机清洁指南 | 教你清洁小窍门,https://www.xiaohongshu.com/user/profile/5e907448000000000100612e,https://www.xiaohongshu.com/explore/6a018edd00000000380205cc?xhsshare=CopyLink&type=video,"查找失败: Page.wait_for_timeout: Target page, context or browser has been closed"
597,水槽洗碗机,https://www.xiaohongshu.com/user/profile/604f21e600000000010020f8,https://www.xiaohongshu.com/explore/6a01aa2d000000003700cdfb?xhsshare=CopyLink&type=video,"查找失败: Page.wait_for_timeout: Target page, context or browser has been closed"
598,萧山｜建设三路地铁口｜一居室整租｜民水民电,https://www.xiaohongshu.com/user/profile/69aac4ff000000003203ada6,https://www.xiaohongshu.com/explore/6a01aa5c0000000007026024?xhsshare=CopyLink&type=video,"查找失败: Page.wait_for_timeout: Target page, context or browser has been closed"
599,漂亮锅➕实用的锅✖️2,https://www.xiaohongshu.com/user/profile/5f3bbb9f00000000010090d8,https://www.xiaohongshu.com/explore/6a0133320000000037034994?xhsshare=CopyLink&type=video,"查找失败: Page.wait_for_timeout: Target page, context or browser has been closed"
600,🔧杭州厨电怎么选？看这里,https://www.xiaohongshu.com/user/profile/642d060d00000000120115df,https://www.xiaohongshu.com/explore/6a01322a000000000702a52a?xhsshare=CopyLink&type=video,"查找失败: Page.wait_for_timeout: Target page, context or browser has been closed"
601,⚠️买了洗碗机还在手洗锅？90%踩了这6个坑！,https://www.xiaohongshu.com/user/profile/6847dd100000000007033986,https://www.xiaohongshu.com/explore/6a0177310000000008030ca4?xhsshare=CopyLink&type=video,"查找失败: Page.wait_for_timeout: Target page, context or browser has been closed"
602,曼城帮同学转1b1b，带洗烘可双人,https://www.xiaohongshu.com/user/profile/69ba07560000000033027dbb,https://www.xiaohongshu.com/explore/6a019c830000000036033c44?xhsshare=CopyLink&type=video,"查找失败: Page.wait_for_timeout: Target page, context or browser has been closed"
603,618必蹲！西门子洗碗新品首发，早鸟补贴,https://www.xiaohongshu.com/user/profile/6823ff40000000000e010edc,https://www.xiaohongshu.com/explore/6a019bc50000000008030968?xhsshare=CopyLink&type=video,"查找失败: Page.wait_for_timeout: Target page, context or browser has been closed"
604,伦敦Kings Cross1b1b 26fall 带家具,https://www.xiaohongshu.com/user/profile/68d88afd00000000210288fd,https://www.xiaohongshu.com/explore/6a0157920000000007022ba2?xhsshare=CopyLink&type=video,"查找失败: Page.wait_for_timeout: Target page, context or browser has been closed"
605,记录一下装修要买的大类,https://www.xiaohongshu.com/user/profile/5985a70b50c4b413b8466999,https://www.xiaohongshu.com/explore/6a01bd5b0000000006022629?xhsshare=CopyLink&type=video,"查找失败: Page.wait_for_timeout: Target page, context or browser has been closed"
606,曼彻斯特2b2b，近曼大， 包家具包bills,https://www.xiaohongshu.com/user/profile/664ffb400000000003032b33,https://www.xiaohongshu.com/explore/6a018e760000000036019b6d?xhsshare=CopyLink&type=video,"查找失败: Page.wait_for_timeout: Target page, context or browser has been closed"
607,毗邻碧云➕全新居住体验,https://www.xiaohongshu.com/user/profile/69bb4f5f000000003302ac6a,https://www.xiaohongshu.com/explore/6a00a2a80000000035031805?xhsshare=CopyLink&type=video,"查找失败: Page.wait_for_timeout: Target page, context or browser has been closed"
608,和闺蜜整租太香！悉尼2b2b，看上可大🔪,https://www.xiaohongshu.com/user/profile/69a985fb0000000033018fc4,https://www.xiaohongshu.com/explore/6a01962a000000003700cf65?xhsshare=CopyLink&type=video,"查找失败: Page.wait_for_timeout: Target page, context or browser has been closed"
609,利兹暑期出转租,https://www.xiaohongshu.com/user/profile/5f77d31900000000010087d3,https://www.xiaohongshu.com/explore/6a00ad20000000003600321d?xhsshare=CopyLink&type=video,"查找失败: Page.wait_for_timeout: Target page, context or browser has been closed"
610,成都顶级豪宅出租 实图实价,https://www.xiaohongshu.com/user/profile/69c4977e000000003201db9c,https://www.xiaohongshu.com/explore/6a0139760000000036001189?xhsshare=CopyLink&type=video,"查找失败: Page.wait_for_timeout: Target page, context or browser has been closed"
611,笔记暂未设置标题,https://www.xiaohongshu.com/user/profile/5acfebf74eacab19386ab6ac,https://www.xiaohongshu.com/explore/6a0185f10000000007020135?xhsshare=CopyLink&type=video,笔记无标题(不可恢复)
612,谁家宝宝的饭碗这么可爱呀！,https://www.xiaohongshu.com/user/profile/6222d52c0000000021022613,https://www.xiaohongshu.com/explore/6a0192a700000000080317fa?xhsshare=CopyLink&type=video,"查找失败: Page.wait_for_timeout: Target page, context or browser has been closed"
613,东芝洗碗机特价出！,https://www.xiaohongshu.com/user/profile/64bd3b2400000000250353e1,https://www.xiaohongshu.com/explore/6a018280000000000803c395?xhsshare=CopyLink&type=video,"查找失败: Page.wait_for_timeout: Target page, context or browser has been closed"
614,墨尔本 Liv Munro 出2b2b，维妈旁,https://www.xiaohongshu.com/user/profile/63ec83420000000027028cec,https://www.xiaohongshu.com/explore/6a01a9f6000000003601e572?xhsshare=CopyLink&type=video,"查找失败: Page.wait_for_timeout: Target page, context or browser has been closed"
615,笔记暂未设置标题,https://www.xiaohongshu.com/user/profile/64ed56280000000001010b03,https://www.xiaohongshu.com/explore/6a01e2e100000000380236d9?xhsshare=CopyLink&type=video,笔记无标题(不可恢复)
616,慕尼黑好房出租,https://www.xiaohongshu.com/user/profile/64e76afc0000000001004df9,https://www.xiaohongshu.com/explore/6a0124f4000000000702bbd4?xhsshare=CopyLink&type=video,"查找失败: Page.wait_for_timeout: Target page, context or browser has been closed"
617,洗碗机，是解放双手还是鸡肋？,https://www.xiaohongshu.com/user/profile/59ab448050c4b43509dbe0ee,https://www.xiaohongshu.com/explore/6a01e7d7000000003601ada1?xhsshare=CopyLink&type=video,"查找失败: Page.wait_for_timeout: Target page, context or browser has been closed"
618,转租六月观景1b1b到墨大步行六分钟,https://www.xiaohongshu.com/user/profile/5be6ceb670a4e700019fe1e4,https://www.xiaohongshu.com/explore/6a01baf1000000003700ee6e?xhsshare=CopyLink&type=video,"查找失败: Page.wait_for_timeout: Target page, context or browser has been closed"
619,胶囊洗碗机，极窄28cm,https://www.xiaohongshu.com/user/profile/669dcdb6000000002401c597,https://www.xiaohongshu.com/explore/6a01a57600000000350250ae?xhsshare=CopyLink&type=video,"查找失败: Page.wait_for_timeout: Target page, context or browser has been closed"
620,波士顿02149转租 急急！！,https://www.xiaohongshu.com/user/profile/603e0e520000000001002d7a,https://www.xiaohongshu.com/explore/6a016a5e00000000060237ad?xhsshare=CopyLink&type=video,"查找失败: Page.wait_for_timeout: Target page, context or browser has been closed"
621,笔记暂未设置标题,https://www.xiaohongshu.com/user/profile/67bd1cd4000000000a03efc5,https://www.xiaohongshu.com/explore/6a01c65100000000360012ec?xhsshare=CopyLink&type=video,笔记无标题(不可恢复)
622,笔记暂未设置标题,https://www.xiaohongshu.com/user/profile/5cf9dd230000000017037162,https://www.xiaohongshu.com/explore/6a00d15a0000000035023ed0?xhsshare=CopyLink&type=video,笔记无标题(不可恢复)
623,别再徒手抠碗！这把刮刀太懂洗碗机党,https://www.xiaohongshu.com/user/profile/5a3a99fa4eacab6d7902d70a,https://www.xiaohongshu.com/explore/6a01d1cb0000000006034bc4?xhsshare=CopyLink&type=video,"查找失败: Page.wait_for_timeout: Target page, context or browser has been closed"
624,成华区 东郊记忆 业主直租！套四双卫,https://www.xiaohongshu.com/user/profile/69a5ac10000000001d01e7ee,https://www.xiaohongshu.com/explore/6a01729a000000003501e85b?xhsshare=CopyLink&type=video,"查找失败: Page.wait_for_timeout: Target page, context or browser has been closed"
625,多伦多爱马仕公寓，7月起租,https://www.xiaohongshu.com/user/profile/628d5a8c0000000021026121,https://www.xiaohongshu.com/explore/6a013af800000000080338df?xhsshare=CopyLink&type=video,"查找失败: Page.wait_for_timeout: Target page, context or browser has been closed"
626,——港区外国籍🉑神谷町3分钟｜港区高级感,https://www.xiaohongshu.com/user/profile/664f09b10000000003031b21,https://www.xiaohongshu.com/explore/6a01770b0000000006031541?xhsshare=CopyLink&type=video,"查找失败: Page.wait_for_timeout: Target page, context or browser has been closed"
627,笔记暂未设置标题,https://www.xiaohongshu.com/user/profile/6233f50e0000000021025666,https://www.xiaohongshu.com/explore/6a0111a3000000003603318b?xhsshare=CopyLink&type=video,笔记无标题(不可恢复)
628,新品嵌入式洗碗机,https://www.xiaohongshu.com/user/profile/5b8cda83aaea5b000123590b,https://www.xiaohongshu.com/explore/6a01cf1200000000350209e0?xhsshare=CopyLink&type=video,"查找失败: Page.wait_for_timeout: Target page, context or browser has been closed"
629,笔记暂未设置标题,https://www.xiaohongshu.com/user/profile/657abdb30000000020034225,https://www.xiaohongshu.com/explore/6a013d8000000000380363f9?xhsshare=CopyLink&type=video,笔记无标题(不可恢复)
630,西门子官旗主包在线🥰有问必答,https://www.xiaohongshu.com/user/profile/68bc2a42000000001a020095,https://www.xiaohongshu.com/explore/6a01cb810000000035023568?xhsshare=CopyLink&type=video,"查找失败: Page.wait_for_timeout: Target page, context or browser has been closed"
631,26s2墨尔本｜studio转租 近墨大 带洗烘,https://www.xiaohongshu.com/user/profile/65a4e8d9000000000b03d1ca,https://www.xiaohongshu.com/explore/6a01b183000000003601d262?xhsshare=CopyLink&type=video,"查找失败: Page.wait_for_timeout: Target page, context or browser has been closed"
632,来自洗碗阿姨的实况图｜不使用洗碗机版,https://www.xiaohongshu.com/user/profile/59dde75db1da14761290e7df,https://www.xiaohongshu.com/explore/6a01de88000000000803ec4c?xhsshare=CopyLink&type=video,"查找失败: Page.wait_for_timeout: Target page, context or browser has been closed"
633,上海徐家汇|元福大厦次顶楼景观房出租🎉,https://www.xiaohongshu.com/user/profile/656100c90000000004039581,https://www.xiaohongshu.com/explore/6a01693f0000000007029e3b?xhsshare=CopyLink&type=video,"查找失败: Page.wait_for_timeout: Target page, context or browser has been closed"
634,巴黎6区53平一室一厅 现代低奢风,https://www.xiaohongshu.com/user/profile/69c161640000000032019440,https://www.xiaohongshu.com/explore/6a01c3e7000000000702fc99?xhsshare=CopyLink&type=video,"查找失败: Page.wait_for_timeout: Target page, context or browser has been closed"
635,真的不想再有人踩坑洗碗机了！,https://www.xiaohongshu.com/user/profile/5a01363f4eacab112f7d7077,https://www.xiaohongshu.com/explore/6a0142b1000000000702f7af?xhsshare=CopyLink&type=video,"查找失败: Page.wait_for_timeout: Target page, context or browser has been closed"
636,江上云筑方太客户上门定位水电,https://www.xiaohongshu.com/user/profile/63bfb8d9000000002702943a,https://www.xiaohongshu.com/explore/6a0142b5000000003502ba9b?xhsshare=CopyLink&type=video,"查找失败: Page.wait_for_timeout: Target page, context or browser has been closed"
637,悉尼超值短租在哪里？6月底超值短租回国卖血,https://www.xiaohongshu.com/user/profile/64ab58e30000000010035ed9,https://www.xiaohongshu.com/explore/6a01ba5f00000000080330ab?xhsshare=CopyLink&type=video,"查找失败: Page.wait_for_timeout: Target page, context or browser has been closed"
638,笔记暂未设置标题,https://www.xiaohongshu.com/user/profile/5c5eb4290000000011000cf7,https://www.xiaohongshu.com/explore/6a0144c4000000003700daa9?xhsshare=CopyLink&type=video,笔记无标题(不可恢复)
639,✨南山白石洲｜187㎡奶油风大平层 视野绝了,https://www.xiaohongshu.com/user/profile/677253c30000000018017823,https://www.xiaohongshu.com/explore/6a016e510000000008032429?xhsshare=CopyLink&type=video,"查找失败: Page.wait_for_timeout: Target page, context or browser has been closed"
640,饭后家务减负！全靠这把硅胶刮刀,https://www.xiaohongshu.com/user/profile/5a3a99fa4eacab6d7902d70a,https://www.xiaohongshu.com/explore/6a0183bd0000000006036a48?xhsshare=CopyLink&type=video,"查找失败: Page.wait_for_timeout: Target page, context or browser has been closed"
641,绿城滨江联合打造｜江河鸣翠354㎡大平层实拍,https://www.xiaohongshu.com/user/profile/65e19a83000000000500c196,https://www.xiaohongshu.com/explore/6a00419d0000000007011c27?xhsshare=CopyLink&type=video,"查找失败: Page.wait_for_timeout: Target page, context or browser has been closed"
642,笔记暂未设置标题,https://www.xiaohongshu.com/user/profile/6366024b000000001f01a3a4,https://www.xiaohongshu.com/explore/6a01368700000000360003df?xhsshare=CopyLink&type=video,笔记无标题(不可恢复)
643,北京自用阿姨无偿转,https://www.xiaohongshu.com/user/profile/69f00d550000000002002000,https://www.xiaohongshu.com/explore/6a014b84000000003501e72e?xhsshare=CopyLink&type=video,"查找失败: Page.wait_for_timeout: Target page, context or browser has been closed"
644,终于买到满意的不锈钢奶锅了,https://www.xiaohongshu.com/user/profile/68bc6d9a000000001900d6be,https://www.xiaohongshu.com/explore/6a013f2c000000003601b58f?xhsshare=CopyLink&type=video,"查找失败: Page.wait_for_timeout: Target page, context or browser has been closed"
645,手艺人：是谁还没拥有这么红的茶杯❓❔,https://www.xiaohongshu.com/user/profile/6476d2dc000000001f004fab,https://www.xiaohongshu.com/explore/6a0124110000000036031238?xhsshare=CopyLink&type=video,"查找失败: Page.wait_for_timeout: Target page, context or browser has been closed"
646,伦敦象堡LCC旁1B1B转租｜🉑步行到校❗,https://www.xiaohongshu.com/user/profile/683e975b000000001d00ad05,https://www.xiaohongshu.com/explore/6a018d3e0000000008000b44?xhsshare=CopyLink&type=video,"查找失败: Page.wait_for_timeout: Target page, context or browser has been closed"
647,笔记暂未设置标题,https://www.xiaohongshu.com/user/profile/684d1d7b000000001d0174e5,https://www.xiaohongshu.com/explore/6a01b2cb00000000080249f0?xhsshare=CopyLink&type=video,笔记无标题(不可恢复)
648,巴塞单间—找长住室友,https://www.xiaohongshu.com/user/profile/5c93aaaa000000001602df16,https://www.xiaohongshu.com/explore/6a00bc8d000000000702376a?xhsshare=CopyLink&type=video,"查找失败: Page.wait_for_timeout: Target page, context or browser has been closed"
649,盲目装修一定会后悔！最省时省力装修无痛版,https://www.xiaohongshu.com/user/profile/684fde60000000001d01516f,https://www.xiaohongshu.com/explore/6a01895d000000003502f89a?xhsshare=CopyLink&type=video,"查找失败: Page.wait_for_timeout: Target page, context or browser has been closed"
650,买过台式洗碗机的，给我点建议吧,https://www.xiaohongshu.com/user/profile/60c475500000000001005fba,https://www.xiaohongshu.com/explore/6a01a332000000000803340d?xhsshare=CopyLink&type=video,"查找失败: Page.wait_for_timeout: Target page, context or browser has been closed"
651,Suwanne找室友啦 zip30024,https://www.xiaohongshu.com/user/profile/5dc562c60000000001009359,https://www.xiaohongshu.com/explore/6a00e6860000000008033447?xhsshare=CopyLink&type=video,"查找失败: Page.wait_for_timeout: Target page, context or browser has been closed"
652,小厨房硬塞洗碗机，终于不用饭后刷碗了,https://www.xiaohongshu.com/user/profile/5e4bf84500000000010044b8,https://www.xiaohongshu.com/explore/6a0130a50000000038021885?xhsshare=CopyLink&type=video,"查找失败: Page.wait_for_timeout: Target page, context or browser has been closed"
653,余姚家庭闭眼冲！西门子洗碗机特惠来啦,https://www.xiaohongshu.com/user/profile/65062fa20000000016039fe7,https://www.xiaohongshu.com/explore/6a0191b20000000007023d45?xhsshare=CopyLink&type=video,"查找失败: Page.wait_for_timeout: Target page, context or browser has been closed"
654,🔥5.23内购会必冲！洗碗机抄底价攻略来了,https://www.xiaohongshu.com/user/profile/66b1874e000000001d031055,https://www.xiaohongshu.com/explore/6a01a4240000000008027a30?xhsshare=CopyLink&type=video,"查找失败: Page.wait_for_timeout: Target page, context or browser has been closed"
655,🔔 叮！你的梦中情房已上线,https://www.xiaohongshu.com/user/profile/64ecd1f7000000000100518d,https://www.xiaohongshu.com/explore/6a00c1b800000000360337fd?xhsshare=CopyLink&type=video,"查找失败: Page.wait_for_timeout: Target page, context or browser has been closed"
656,选对刮刀，洗碗机才能越用越省心,https://www.xiaohongshu.com/user/profile/5a3a99fa4eacab6d7902d70a,https://www.xiaohongshu.com/explore/6a0169dc000000000802516c?xhsshare=CopyLink&type=video,"查找失败: Page.wait_for_timeout: Target page, context or browser has been closed"
657,蒸烤箱怎么选？看这台方太蒸烤箱TS1！,https://www.xiaohongshu.com/user/profile/601a64a8000000000101d98d,https://www.xiaohongshu.com/explore/6a01935f0000000006037bc1?xhsshare=CopyLink&type=video,"查找失败: Page.wait_for_timeout: Target page, context or browser has been closed"
658,洗碗机可不可以先租后买呢？,https://www.xiaohongshu.com/user/profile/667f73f600000000070076c2,https://www.xiaohongshu.com/explore/6a015c62000000000702a689?xhsshare=CopyLink&type=video,"查找失败: Page.wait_for_timeout: Target page, context or browser has been closed"
659,618洗碗机,https://www.xiaohongshu.com/user/profile/59fc70c0db2e6052bf6302af,https://www.xiaohongshu.com/explore/6a014087000000000702ed72?xhsshare=CopyLink&type=video,"查找失败: Page.wait_for_timeout: Target page, context or browser has been closed"
660,节能洗4小时？洗碗机这个模式别乱用,https://www.xiaohongshu.com/user/profile/67d2912b00000000070000f0,https://www.xiaohongshu.com/explore/6a01a6660000000036001a26?xhsshare=CopyLink&type=video,"查找失败: Page.wait_for_timeout: Target page, context or browser has been closed"
661,这饭盒让我再也没吃冷外卖年省7200+,https://www.xiaohongshu.com/user/profile/67f60121000000001703df92,https://www.xiaohongshu.com/explore/6a00cb97000000000702664f?xhsshare=CopyLink&type=video,"查找失败: Page.wait_for_timeout: Target page, context or browser has been closed"
662,余杭｜🏠已空｜云诵桂月轩｜171平｜全屋地暖,https://www.xiaohongshu.com/user/profile/64d22daf000000000b009542,https://www.xiaohongshu.com/explore/6a01aa540000000008025d90?xhsshare=CopyLink&type=video,"查找失败: Page.wait_for_timeout: Target page, context or browser has been closed"
663,我的洗碗机，是新年聚餐的好搭子🥰,https://www.xiaohongshu.com/user/profile/5c6fad720000000011010816,https://www.xiaohongshu.com/explore/6a01f6ef000000000803e0fe?xhsshare=CopyLink&type=video,"查找失败: Page.wait_for_timeout: Target page, context or browser has been closed"
664,园区金鸡湖顶级大平层住宅26600,https://www.xiaohongshu.com/user/profile/65ef2557000000000500a7e2,https://www.xiaohongshu.com/explore/6a019423000000003700c378?xhsshare=CopyLink&type=video,"查找失败: Page.wait_for_timeout: Target page, context or browser has been closed"
665,这款膳魔师保温焖烧罐居然可以直接丢洗碗,https://www.xiaohongshu.com/user/profile/5e02cc920000000001002a98,https://www.xiaohongshu.com/explore/6a016b1500000000080315ff?xhsshare=CopyLink&type=video,"查找失败: Page.wait_for_timeout: Target page, context or browser has been closed"
666,笔记暂未设置标题,https://www.xiaohongshu.com/user/profile/65b0d740000000000d03d70d,https://www.xiaohongshu.com/explore/6a01c9db000000003600278a?xhsshare=CopyLink&type=video,笔记无标题(不可恢复)
667,静安区嘉里不夜城两房两厅‼️落地窗14000🈷️,https://www.xiaohongshu.com/user/profile/69cf7cbe000000003402ed11,https://www.xiaohongshu.com/explore/6a018a7400000000070116e5?xhsshare=CopyLink&type=video,"查找失败: Page.wait_for_timeout: Target page, context or browser has been closed"
668,美的万向洗碗机22张可以入嘛？,https://www.xiaohongshu.com/user/profile/6534ae3100000000040092e6,https://www.xiaohongshu.com/explore/6a017da00000000035026605?xhsshare=CopyLink&type=video,"查找失败: Page.wait_for_timeout: Target page, context or browser has been closed"
669,洗碗机真是伟大的发明,https://www.xiaohongshu.com/user/profile/5b9b75850bcc560001640ab7,https://www.xiaohongshu.com/explore/6a01d8ee000000000702ecc0?xhsshare=CopyLink&type=video,"查找失败: Page.wait_for_timeout: Target page, context or browser has been closed"
670,笔记暂未设置标题,https://www.xiaohongshu.com/user/profile/5d2047260000000016015583,https://www.xiaohongshu.com/explore/6a01f85e00000000380378ba?xhsshare=CopyLink&type=video,笔记无标题(不可恢复)
671,是被这些小碗碗美到啦！还有谁没薅呢⁉️⁉️,https://www.xiaohongshu.com/user/profile/681caf68000000000a03c261,https://www.xiaohongshu.com/explore/6a01b99a000000003700e755?xhsshare=CopyLink&type=video,"查找失败: Page.wait_for_timeout: Target page, context or browser has been closed"
672,厨房收纳必备！不锈钢盆筛套装,https://www.xiaohongshu.com/user/profile/69157aae000000003100c0c2,https://www.xiaohongshu.com/explore/6a01d6e80000000036018980?xhsshare=CopyLink&type=video,"查找失败: Page.wait_for_timeout: Target page, context or browser has been closed"
673,谁懂啊！厨房有它真的躺平了💅,https://www.xiaohongshu.com/user/profile/69f16c330000000002001404,https://www.xiaohongshu.com/explore/6a018fd90000000035021560?xhsshare=CopyLink&type=video,"查找失败: Page.wait_for_timeout: Target page, context or browser has been closed"
674,一台设备，就能让洗碗工越来越少？,https://www.xiaohongshu.com/user/profile/645d0dde000000001f033b8b,https://www.xiaohongshu.com/explore/6a0170630000000035039969?xhsshare=CopyLink&type=video,"查找失败: Page.wait_for_timeout: Target page, context or browser has been closed"
675,来苏宁“抢空调”,https://www.xiaohongshu.com/user/profile/5fc42d7900000000010070d4,https://www.xiaohongshu.com/explore/6a013435000000003501efb7?xhsshare=CopyLink&type=video,"查找失败: Page.wait_for_timeout: Target page, context or browser has been closed"
676,商用洗碗机选购攻略！节能款认准这个品牌,https://www.xiaohongshu.com/user/profile/5ec14d25000000000101de65,https://www.xiaohongshu.com/explore/6a019d4a0000000006031bbe?xhsshare=CopyLink&type=video,"查找失败: Page.wait_for_timeout: Target page, context or browser has been closed"
677,解放双手❗美的小西梅S624GT洗碗机太香了,https://www.xiaohongshu.com/user/profile/6371cd80000000001f016d9a,https://www.xiaohongshu.com/explore/6a017e19000000003700c32a?xhsshare=CopyLink&type=video,"查找失败: Page.wait_for_timeout: Target page, context or browser has been closed"
678,🍃 被洗碗机的静音惊到了！,https://www.xiaohongshu.com/user/profile/6864dfa9000000001b01a14d,https://www.xiaohongshu.com/explore/6a01c56a0000000007011294?xhsshare=CopyLink&type=video,"查找失败: Page.wait_for_timeout: Target page, context or browser has been closed"
679,方太水槽洗碗机02-M1S 这谁顶得住啊！,https://www.xiaohongshu.com/user/profile/6040c76d0000000001000670,https://www.xiaohongshu.com/explore/6a01db4c000000003700eb3a?xhsshare=CopyLink&type=video,"查找失败: Page.wait_for_timeout: Target page, context or browser has been closed"
680,静安区大宁新小区大三房两卫带车位1万+,https://www.xiaohongshu.com/user/profile/5b67e3384eacab2058d00fdf,https://www.xiaohongshu.com/explore/6a0160e400000000350333e0?xhsshare=CopyLink&type=video,"查找失败: Page.wait_for_timeout: Target page, context or browser has been closed"
681,☁️儿童洗碗机玩具，厨房小能手养成记☁️,https://www.xiaohongshu.com/user/profile/6357def4000000001802eb73,https://www.xiaohongshu.com/explore/6a017658000000003502bcf3?xhsshare=CopyLink&type=video,"查找失败: Page.wait_for_timeout: Target page, context or browser has been closed"
682,⚠️装修时没预留插座后悔到哭😭,https://www.xiaohongshu.com/user/profile/5d0dfb3c0000000010019262,https://www.xiaohongshu.com/explore/6a019b0a0000000035032b28?xhsshare=CopyLink&type=video,"查找失败: Page.wait_for_timeout: Target page, context or browser has been closed"
683,榕江壹号院（业主置换）自住现代四居✨1.2W,https://www.xiaohongshu.com/user/profile/69048d050000000038019032,https://www.xiaohongshu.com/explore/6a016fea000000003501dab0?xhsshare=CopyLink&type=video,"查找失败: Page.wait_for_timeout: Target page, context or browser has been closed"
684,方太h2洗碗机好用吗,https://www.xiaohongshu.com/user/profile/61a742f1000000001000ecea,https://www.xiaohongshu.com/explore/6a01fce5000000003701f7df?xhsshare=CopyLink&type=video,"查找失败: Page.wait_for_timeout: Target page, context or browser has been closed"
685,麓湖新出下叠别墅—百平入户花园+私家电梯🛗,https://www.xiaohongshu.com/user/profile/69ba472000000000320347bd,https://www.xiaohongshu.com/explore/6a01a28e0000000008027100?xhsshare=CopyLink&type=video,"查找失败: Page.wait_for_timeout: Target page, context or browser has been closed"
686,前滩润璟上叠 180平 四房三卫 带露台 出租,https://www.xiaohongshu.com/user/profile/674c42ce0000000001003de7,https://www.xiaohongshu.com/explore/6a017e3100000000380225f7?xhsshare=CopyLink&type=video,"查找失败: Page.wait_for_timeout: Target page, context or browser has been closed"
687,笔记暂未设置标题,https://www.xiaohongshu.com/user/profile/64433ca600000000290149fc,https://www.xiaohongshu.com/explore/6a0175d00000000006022b3c?xhsshare=CopyLink&type=video,笔记无标题(不可恢复)
688,揭盖洗碗机，不用担心餐具卫生,https://www.xiaohongshu.com/user/profile/66f10abe000000001d031b03,https://www.xiaohongshu.com/explore/6a0187450000000007025ed9?xhsshare=CopyLink&type=video,"查找失败: Page.wait_for_timeout: Target page, context or browser has been closed"
689,笔记暂未设置标题,https://www.xiaohongshu.com/user/profile/660bee4c000000000b00f315,https://www.xiaohongshu.com/explore/6a0160c400000000060348f0?xhsshare=CopyLink&type=video,笔记无标题(不可恢复)
690,栗上洗碗机是目前我家洗碗机最佳选择,https://www.xiaohongshu.com/user/profile/56848feb6a6a6927bb672599,https://www.xiaohongshu.com/explore/6a01f16f0000000008001c6c?xhsshare=CopyLink&type=video,"查找失败: Page.wait_for_timeout: Target page, context or browser has been closed"
691,一套餐具，让平凡的三餐都变成小确幸🍽️,https://www.xiaohongshu.com/user/profile/669c54350000000024022132,https://www.xiaohongshu.com/explore/6a019aaf000000000702469b?xhsshare=CopyLink&type=video,"查找失败: Page.wait_for_timeout: Target page, context or browser has been closed"
692,笔记暂未设置标题,https://www.xiaohongshu.com/user/profile/5fd9c72500000000010035bf,https://www.xiaohongshu.com/explore/6a013958000000000702cbd7?xhsshare=CopyLink&type=video,笔记无标题(不可恢复)
693,🍃轻食店春季升级｜沙拉碗+酱汁碟一站式,https://www.xiaohongshu.com/user/profile/6385ae70000000001f01b979,https://www.xiaohongshu.com/explore/6a013cad0000000007012654?xhsshare=CopyLink&type=video,"查找失败: Page.wait_for_timeout: Target page, context or browser has been closed"
694,笔记暂未设置标题,https://www.xiaohongshu.com/user/profile/687fa17e000000001e039d45,https://www.xiaohongshu.com/explore/6a01640e000000000803f577?xhsshare=CopyLink&type=video,笔记无标题(不可恢复)
695,找个会做🌶️辣菜的阿姨,https://www.xiaohongshu.com/user/profile/567cd95e447608122eaacc76,https://www.xiaohongshu.com/explore/6a01441c000000003700d6e7?xhsshare=CopyLink&type=video,"查找失败: Page.wait_for_timeout: Target page, context or browser has been closed"
696,又好看又可爱的冰块来啦,https://www.xiaohongshu.com/user/profile/6933023c000000003202531e,https://www.xiaohongshu.com/explore/6a0106920000000038020255?xhsshare=CopyLink&type=video,"查找失败: Page.wait_for_timeout: Target page, context or browser has been closed"
697,美的洗碗机up2pro,https://www.xiaohongshu.com/user/profile/6870f6fc000000000d03f55d,https://www.xiaohongshu.com/explore/6a0181da000000003601f181?xhsshare=CopyLink&type=video,"查找失败: Page.wait_for_timeout: Target page, context or browser has been closed"
698,🔥耐热直身杯，用着真安心,https://www.xiaohongshu.com/user/profile/68d74e170000000021026757,https://www.xiaohongshu.com/explore/6a01c7d00000000006033f0d?xhsshare=CopyLink&type=video,"查找失败: Page.wait_for_timeout: Target page, context or browser has been closed"
699,饭盒界的变形金刚｜一人食收纳党狂喜,https://www.xiaohongshu.com/user/profile/611f2efc0000000001008a9f,https://www.xiaohongshu.com/explore/6a00e878000000000702778a?xhsshare=CopyLink&type=video,"查找失败: Page.wait_for_timeout: Target page, context or browser has been closed"
700,宝安西乡兼职,https://www.xiaohongshu.com/user/profile/682de3bf000000000d008438,https://www.xiaohongshu.com/explore/6a014bd100000000080249f1?xhsshare=CopyLink&type=video,"查找失败: Page.wait_for_timeout: Target page, context or browser has been closed"
701,卓越睛翠，套四三卫整租,https://www.xiaohongshu.com/user/profile/658424a9000000001d0025fd,https://www.xiaohongshu.com/explore/6a0175e30000000036000216?xhsshare=CopyLink&type=video,"查找失败: Page.wait_for_timeout: Target page, context or browser has been closed"
702,笔记暂未设置标题,https://www.xiaohongshu.com/user/profile/6277364f00000000210203fc,https://www.xiaohongshu.com/explore/6a013c3a0000000008027bfa?xhsshare=CopyLink&type=video,笔记无标题(不可恢复)
703,浦东｜陆家嘴｜菊园,https://www.xiaohongshu.com/user/profile/68745dcf000000001b022a85,https://www.xiaohongshu.com/explore/6a015def000000003701ffaf?xhsshare=CopyLink&type=video,"查找失败: Page.wait_for_timeout: Target page, context or browser has been closed"
704,卡萨帝洗碗机科技满满,https://www.xiaohongshu.com/user/profile/68660c3f000000001e007377,https://www.xiaohongshu.com/explore/6a013d4d0000000007012932?xhsshare=CopyLink&type=video,"查找失败: Page.wait_for_timeout: Target page, context or browser has been closed"
705,为什么日式料理都爱用这种带棱烤盘⁉️,https://www.xiaohongshu.com/user/profile/644244ac0000000012037fcf,https://www.xiaohongshu.com/explore/6a00d234000000003503b000?xhsshare=CopyLink&type=video,"查找失败: Page.wait_for_timeout: Target page, context or browser has been closed"
706,九街一室一厅 押一付一 2k大,https://www.xiaohongshu.com/user/profile/69998cc4000000001c03a861,https://www.xiaohongshu.com/explore/6a0179480000000008031695?xhsshare=CopyLink&type=video,"查找失败: Page.wait_for_timeout: Target page, context or browser has been closed"
707,JC Journal 找男室友 🧧,https://www.xiaohongshu.com/user/profile/68a3f27c000000001901a0f6,https://www.xiaohongshu.com/explore/6a01c94c000000000803fbfd?xhsshare=CopyLink&type=video,"查找失败: Page.wait_for_timeout: Target page, context or browser has been closed"
708,石家庄租房🏠北国勒泰旁 荣盛首府,https://www.xiaohongshu.com/user/profile/697c87b8000000002102d112,https://www.xiaohongshu.com/explore/6a017d940000000038037120?xhsshare=CopyLink&type=video,"查找失败: Page.wait_for_timeout: Target page, context or browser has been closed"
709,日本进口平底锅，一折清了！,https://www.xiaohongshu.com/user/profile/6614f0a7000000000d024949,https://www.xiaohongshu.com/explore/6a01a1390000000035023e53?xhsshare=CopyLink&type=video,"查找失败: Page.wait_for_timeout: Target page, context or browser has been closed"
710,不锈钢煎锅｜告别涂层焦虑太香了✨,https://www.xiaohongshu.com/user/profile/69ec5ec80000000002001c01,https://www.xiaohongshu.com/explore/6a017739000000003701fd52?xhsshare=CopyLink&type=video,"查找失败: Page.wait_for_timeout: Target page, context or browser has been closed"
711,笔记暂未设置标题,https://www.xiaohongshu.com/user/profile/68161014000000000d00930d,https://www.xiaohongshu.com/explore/6a0188920000000007026559?xhsshare=CopyLink&type=video,笔记无标题(不可恢复)
712,2025新款！这个纯白骨瓷盘我直接封神☁️,https://www.xiaohongshu.com/user/profile/6870dc24000000001e023872,https://www.xiaohongshu.com/explore/6a0151b30000000035024be0?xhsshare=CopyLink&type=video,"查找失败: Page.wait_for_timeout: Target page, context or browser has been closed"
713,悉尼Haymarket市中心公寓｜83情人港,https://www.xiaohongshu.com/user/profile/69faeb7b0000000002001400,https://www.xiaohongshu.com/explore/6a017fe10000000038037db1?xhsshare=CopyLink&type=video,"查找失败: Page.wait_for_timeout: Target page, context or browser has been closed"
714,餐具盲盒9.9💰清了！！！老爸说能出一单,https://www.xiaohongshu.com/user/profile/692135180000000032015ff0,https://www.xiaohongshu.com/explore/6a011e64000000003502c10a?xhsshare=CopyLink&type=video,"查找失败: Page.wait_for_timeout: Target page, context or browser has been closed"
715,市北中海🏡88平刚需两居室，精装地铁房！🌟,https://www.xiaohongshu.com/user/profile/699357b1000000001d01d948,https://www.xiaohongshu.com/explore/6a014f8e0000000035024083?xhsshare=CopyLink&type=video,"查找失败: Page.wait_for_timeout: Target page, context or browser has been closed"
716,26s2 悉尼Mascot 2B1B还带车位 房东直租,https://www.xiaohongshu.com/user/profile/68d626fe000000002202ea58,https://www.xiaohongshu.com/explore/6a01c4ab000000003701c4d1?xhsshare=CopyLink&type=video,"查找失败: Page.wait_for_timeout: Target page, context or browser has been closed"
717,急转租万科南站500米扫地机器人电动沙发🔥,https://www.xiaohongshu.com/user/profile/64d19bb3000000000b00b716,https://www.xiaohongshu.com/explore/6a0182090000000035027eab?xhsshare=CopyLink&type=video,"查找失败: Page.wait_for_timeout: Target page, context or browser has been closed"
718,笔记暂未设置标题,https://www.xiaohongshu.com/user/profile/6797a376000000000700265d,https://www.xiaohongshu.com/explore/6a014bd6000000003700c2cb?xhsshare=CopyLink&type=video,笔记无标题(不可恢复)
719,笔记暂未设置标题,https://www.xiaohongshu.com/user/profile/5fa8978c00000000010001f7,https://www.xiaohongshu.com/explore/6a017278000000003503a3a1?xhsshare=CopyLink&type=video,笔记无标题(不可恢复)
720,笔记暂未设置标题,https://www.xiaohongshu.com/user/profile/66582a4e0000000007004df2,https://www.xiaohongshu.com/explore/6a014a400000000038021be8?xhsshare=CopyLink&type=video,笔记无标题(不可恢复)
721,自动洗碗机，全方位无死角清洗,https://www.xiaohongshu.com/user/profile/66f10abe000000001d031b03,https://www.xiaohongshu.com/explore/6a01a3e1000000000603012e?xhsshare=CopyLink&type=video,"查找失败: Page.wait_for_timeout: Target page, context or browser has been closed"
722,景德镇釉下彩餐具套组：高颜值家居新宠,https://www.xiaohongshu.com/user/profile/5ada09db11be10237df06d96,https://www.xiaohongshu.com/explore/6a01880a000000003503986a?xhsshare=CopyLink&type=video,"查找失败: Page.wait_for_timeout: Target page, context or browser has been closed"
723,笔记暂未设置标题,https://www.xiaohongshu.com/user/profile/66b06c81000000001d0319f9,https://www.xiaohongshu.com/explore/6a0192d7000000000603228a?xhsshare=CopyLink&type=video,笔记无标题(不可恢复)
724,这是什么神仙蒸锅？！？,https://www.xiaohongshu.com/user/profile/69ccb92e0000000033001131,https://www.xiaohongshu.com/explore/6a0192ab000000003501d91d?xhsshare=CopyLink&type=video,"查找失败: Page.wait_for_timeout: Target page, context or browser has been closed"
725,华西坝 友谊苑精装套二2200/月实图实价,https://www.xiaohongshu.com/user/profile/60096d7f000000000100bb21,https://www.xiaohongshu.com/explore/6a01eb0f00000000380378ce?xhsshare=CopyLink&type=video,"查找失败: Page.wait_for_timeout: Target page, context or browser has been closed"
726,洗碗机,https://www.xiaohongshu.com/user/profile/5ee1ea7f0000000001000f77,https://www.xiaohongshu.com/explore/6a0145e40000000008026b91?xhsshare=CopyLink&type=video,"查找失败: Page.wait_for_timeout: Target page, context or browser has been closed"
727,9.9r餐具盲盒✨🔥2-3件必出盘,https://www.xiaohongshu.com/user/profile/65d175c6000000000401e02d,https://www.xiaohongshu.com/explore/6a0125e4000000003701f090?xhsshare=CopyLink&type=video,"查找失败: Page.wait_for_timeout: Target page, context or browser has been closed"
728,超细纤维抹布强吸水清洁神器，居家必备！,https://www.xiaohongshu.com/user/profile/69b8000c000000003402ef5f,https://www.xiaohongshu.com/explore/6a013911000000003601f464?xhsshare=CopyLink&type=video,"查找失败: Page.wait_for_timeout: Target page, context or browser has been closed"
729,这台洗碗机我用一次夸一次,https://www.xiaohongshu.com/user/profile/651546e10000000023024920,https://www.xiaohongshu.com/explore/6a0193f60000000007026180?xhsshare=CopyLink&type=video,"查找失败: Page.wait_for_timeout: Target page, context or browser has been closed"
730,😧精装叠拼｜露台养花、室内躺平的理想生活！,https://www.xiaohongshu.com/user/profile/683c1eec000000001d0147b8,https://www.xiaohongshu.com/explore/6a01a2d40000000006033b24?xhsshare=CopyLink&type=video,"查找失败: Page.wait_for_timeout: Target page, context or browser has been closed"
731,笔记暂未设置标题,https://www.xiaohongshu.com/user/profile/67ea6b09000000000d0094c4,https://www.xiaohongshu.com/explore/6a0187140000000007025dbc?xhsshare=CopyLink&type=video,笔记无标题(不可恢复)
732,洗碗机耗材一篇讲清楚！,https://www.xiaohongshu.com/user/profile/63e9fa520000000026006778,https://www.xiaohongshu.com/explore/6a016813000000003701f180?xhsshare=CopyLink&type=video,"查找失败: Page.wait_for_timeout: Target page, context or browser has been closed"
733,为了省钱，结果把洗碗机的喷头给堵了…,https://www.xiaohongshu.com/user/profile/5f72f3860000000001003b06,https://www.xiaohongshu.com/explore/6a0192300000000035029796?xhsshare=CopyLink&type=video,"查找失败: Page.wait_for_timeout: Target page, context or browser has been closed"
734,新家入住一年，花两遍钱的地方它来了🫣,https://www.xiaohongshu.com/user/profile/5b0b12ff11be102df2e44a4e,https://www.xiaohongshu.com/explore/6a01dea4000000000702befd?xhsshare=CopyLink&type=video,"查找失败: Page.wait_for_timeout: Target page, context or browser has been closed"
735,笔记暂未设置标题,https://www.xiaohongshu.com/user/profile/60c1dff3000000000101c53b,https://www.xiaohongshu.com/explore/6a01943800000000380224fc?xhsshare=CopyLink&type=video,笔记无标题(不可恢复)
736,洗碗机洗果蔬和海鲜到底是怎么洗的？,https://www.xiaohongshu.com/user/profile/60f619250000000001001606,https://www.xiaohongshu.com/explore/6a0125570000000035031b7c?xhsshare=CopyLink&type=video,"查找失败: Page.wait_for_timeout: Target page, context or browser has been closed"
737,牛津好房出租,https://www.xiaohongshu.com/user/profile/616522ef00000000020271f4,https://www.xiaohongshu.com/explore/6a017e320000000008026ed5?xhsshare=CopyLink&type=video,"查找失败: Page.wait_for_timeout: Target page, context or browser has been closed"
738,一诺厨房组合装米饭碗家用2026新款高级,https://www.xiaohongshu.com/user/profile/69ba5a5c000000003400b7f5,https://www.xiaohongshu.com/explore/6a01949f0000000035026866?xhsshare=CopyLink&type=video,"查找失败: Page.wait_for_timeout: Target page, context or browser has been closed"
739,笔记暂未设置标题,https://www.xiaohongshu.com/user/profile/5fa8bd02000000000100539a,https://www.xiaohongshu.com/explore/6a0169c30000000007023aa0?xhsshare=CopyLink&type=video,笔记无标题(不可恢复)
740,捡漏🔥墨尔本Liv Munro高层2B2B出 在线蹲,https://www.xiaohongshu.com/user/profile/68ef0b21000000003702b654,https://www.xiaohongshu.com/explore/6a0144340000000006032b7f?xhsshare=CopyLink&type=video,"查找失败: Page.wait_for_timeout: Target page, context or browser has been closed"
741,徐汇滨江神仙小窝！房东直租美到尖叫🏙️,https://www.xiaohongshu.com/user/profile/6945076900000000370055a2,https://www.xiaohongshu.com/explore/6a014677000000003502e0af?xhsshare=CopyLink&type=video,"查找失败: Page.wait_for_timeout: Target page, context or browser has been closed"
742,笔记暂未设置标题,https://www.xiaohongshu.com/user/profile/647372ca000000002a037807,https://www.xiaohongshu.com/explore/6a0193640000000008002bca?xhsshare=CopyLink&type=video,笔记无标题(不可恢复)
743,美的银河P80系列之烟灶组套建议（Ai）,https://www.xiaohongshu.com/user/profile/5e967f1f000000000100bc6f,https://www.xiaohongshu.com/explore/6a01348b000000003601df93?xhsshare=CopyLink&type=video,"查找失败: Page.wait_for_timeout: Target page, context or browser has been closed"
744,南山万象天地润玺4房高层 免租7天 东南向,https://www.xiaohongshu.com/user/profile/69c8891f000000003203e6a7,https://www.xiaohongshu.com/explore/6a0186ce0000000038021707?xhsshare=CopyLink&type=video,"查找失败: Page.wait_for_timeout: Target page, context or browser has been closed"
745,前海网红盘半山臻境高端品质精装115平4🅿️,https://www.xiaohongshu.com/user/profile/6603a547000000000600f0d4,https://www.xiaohongshu.com/explore/6a01a861000000000803d17b?xhsshare=CopyLink&type=video,"查找失败: Page.wait_for_timeout: Target page, context or browser has been closed"
746,是超会卖萌的喵喵碟呀～,https://www.xiaohongshu.com/user/profile/64d39cf5000000001c029259,https://www.xiaohongshu.com/explore/6a018d0e000000000803fa0b?xhsshare=CopyLink&type=video,"查找失败: Page.wait_for_timeout: Target page, context or browser has been closed"
747,谁懂啊！这套江南墅把优雅焊在了骨子里,https://www.xiaohongshu.com/user/profile/6847a268000000001d014986,https://www.xiaohongshu.com/explore/6a0144d3000000003701fa1f?xhsshare=CopyLink&type=video,"查找失败: Page.wait_for_timeout: Target page, context or browser has been closed"
748,天一广场旁｜三室两卫 采光超好 全屋定制,https://www.xiaohongshu.com/user/profile/67c91f6c000000000e01d7fd,https://www.xiaohongshu.com/explore/6a01b0ef0000000035021e4e?xhsshare=CopyLink&type=video,"查找失败: Page.wait_for_timeout: Target page, context or browser has been closed"
749,颜值爆表的餐盘｜治愈三餐的小美好✨,https://www.xiaohongshu.com/user/profile/6434eb3200000000290123ed,https://www.xiaohongshu.com/explore/6a012e0c0000000007012ae6?xhsshare=CopyLink&type=video,"查找失败: Page.wait_for_timeout: Target page, context or browser has been closed"
750,新款洗碗机推荐｜厨房新选择！,https://www.xiaohongshu.com/user/profile/57cc0a6282ec39307068e1dc,https://www.xiaohongshu.com/explore/6a01714400000000370347ba?xhsshare=CopyLink&type=video,"查找失败: Page.wait_for_timeout: Target page, context or browser has been closed"
751,华侨城租房｜高区大宅187平四室👀春笋高尔夫,https://www.xiaohongshu.com/user/profile/68fda8050000000037028e5b,https://www.xiaohongshu.com/explore/6a0194cd000000000702b459?xhsshare=CopyLink&type=video,"查找失败: Page.wait_for_timeout: Target page, context or browser has been closed"
752,方太全新智慧水槽,https://www.xiaohongshu.com/user/profile/60658c2900000000010006ec,https://www.xiaohongshu.com/explore/6a0131f8000000003601b434?xhsshare=CopyLink&type=video,"查找失败: Page.wait_for_timeout: Target page, context or browser has been closed"
753,宁和小区，二房二厅，业主首次出租，精装底层,https://www.xiaohongshu.com/user/profile/642034c400000000120136c4,https://www.xiaohongshu.com/explore/6a013dd70000000007022e6a?xhsshare=CopyLink&type=video,"查找失败: Page.wait_for_timeout: Target page, context or browser has been closed"
754,洗碗机真实使用感受,https://www.xiaohongshu.com/user/profile/60705fff000000000100955f,https://www.xiaohongshu.com/explore/6a014f020000000006023fa0?xhsshare=CopyLink&type=video,"查找失败: Page.wait_for_timeout: Target page, context or browser has been closed"
755,蓝鱼图案太治愈！日常餐具天花板,https://www.xiaohongshu.com/user/profile/69098c5f00000000300297ea,https://www.xiaohongshu.com/explore/6a0194c1000000003700c71e?xhsshare=CopyLink&type=video,"查找失败: Page.wait_for_timeout: Target page, context or browser has been closed"
756,墨尔本高层2B2B 公寓直租 绝美大落地窗,https://www.xiaohongshu.com/user/profile/67eb52d3000000000d00b087,https://www.xiaohongshu.com/explore/6a01389900000000380349fb?xhsshare=CopyLink&type=video,"查找失败: Page.wait_for_timeout: Target page, context or browser has been closed"
757,静安 上海火车站电梯 2房2厅 价格1w➕,https://www.xiaohongshu.com/user/profile/68aa8f37000000001901d241,https://www.xiaohongshu.com/explore/6a01665900000000080242b0?xhsshare=CopyLink&type=video,"查找失败: Page.wait_for_timeout: Target page, context or browser has been closed"
758,笔记暂未设置标题,https://www.xiaohongshu.com/user/profile/62ef89c5000000001e01f1c3,https://www.xiaohongshu.com/explore/6a019961000000003502453e?xhsshare=CopyLink&type=video,笔记无标题(不可恢复)
759,COLMO回访 | 第4站 华润静兰湾·御湖润府,https://www.xiaohongshu.com/user/profile/5a7c07b111be107101492f61,https://www.xiaohongshu.com/explore/6a00b4450000000036031b43?xhsshare=CopyLink&type=video,"查找失败: Page.wait_for_timeout: Target page, context or browser has been closed"
760,✨加厚不锈钢盆｜洗菜淘米太省心了！,https://www.xiaohongshu.com/user/profile/690b1f8b0000000037007a24,https://www.xiaohongshu.com/explore/6a015e8900000000060328d5?xhsshare=CopyLink&type=video,"查找失败: Page.wait_for_timeout: Target page, context or browser has been closed"
761,悉尼ct 出一套草楼studio  七月中旬起租～,https://www.xiaohongshu.com/user/profile/689cb532000000001901a817,https://www.xiaohongshu.com/explore/6a0186190000000035038dab?xhsshare=CopyLink&type=video,"查找失败: Page.wait_for_timeout: Target page, context or browser has been closed"
762,9.9r餐具盲盒🔥2-3件、快分享给你姐妹们,https://www.xiaohongshu.com/user/profile/67b193cd000000000a03d92d,https://www.xiaohongshu.com/explore/6a01257b000000000800392f?xhsshare=CopyLink&type=video,"查找失败: Page.wait_for_timeout: Target page, context or browser has been closed"
763,🔥南山白石洲187㎡4房｜3.5w拎包住万象天地旁,https://www.xiaohongshu.com/user/profile/677253c30000000018017823,https://www.xiaohongshu.com/explore/6a01628400000000060339ef?xhsshare=CopyLink&type=video,"查找失败: Page.wait_for_timeout: Target page, context or browser has been closed"
764,出一个双立人30不锈钢炒锅 微瑕 280一个,https://www.xiaohongshu.com/user/profile/69dfa1680000000034023500,https://www.xiaohongshu.com/explore/6a0187e50000000035039794?xhsshare=CopyLink&type=video,"查找失败: Page.wait_for_timeout: Target page, context or browser has been closed"
765,曼城300 pw住大studio 还🈶独立洗衣机,https://www.xiaohongshu.com/user/profile/64854a2100000000250366bb,https://www.xiaohongshu.com/explore/6a0194db000000000803237f?xhsshare=CopyLink&type=video,"查找失败: Page.wait_for_timeout: Target page, context or browser has been closed"
766,超值实惠洗碗凝珠,https://www.xiaohongshu.com/user/profile/69b013f800000000320265e0,https://www.xiaohongshu.com/explore/6a01b71f0000000008025fa8?xhsshare=CopyLink&type=video,"查找失败: Page.wait_for_timeout: Target page, context or browser has been closed"
767,家电的地方性补贴什么时候来？,https://www.xiaohongshu.com/user/profile/6423ce4e0000000011020960,https://www.xiaohongshu.com/explore/6a019f19000000003703504d?xhsshare=CopyLink&type=video,"查找失败: Page.wait_for_timeout: Target page, context or browser has been closed"
768,南海城三房一厅一卫一厨一阳台招租，可养宠,https://www.xiaohongshu.com/user/profile/62ff8684000000000f0052f0,https://www.xiaohongshu.com/explore/6a010b0900000000350254c3?xhsshare=CopyLink&type=video,"查找失败: Page.wait_for_timeout: Target page, context or browser has been closed"
769,米家智能嵌入式洗碗机16套P2,https://www.xiaohongshu.com/user/profile/646cdb92000000001f004db9,https://www.xiaohongshu.com/explore/6a015205000000000803e65a?xhsshare=CopyLink&type=video,"查找失败: Page.wait_for_timeout: Target page, context or browser has been closed"
770,西门子二选一：黑魔镜636ultra和极净魔盒3,https://www.xiaohongshu.com/user/profile/6995608400000000240213f6,https://www.xiaohongshu.com/explore/6a01850b00000000370373ce?xhsshare=CopyLink&type=video,"查找失败: Page.wait_for_timeout: Target page, context or browser has been closed"
771,美的洗碗机售后？？？,https://www.xiaohongshu.com/user/profile/63576441000000001901d6ec,https://www.xiaohongshu.com/explore/6a01a006000000003601e5fb?xhsshare=CopyLink&type=video,"查找失败: Page.wait_for_timeout: Target page, context or browser has been closed"
772,得罪一帮人,https://www.xiaohongshu.com/user/profile/64a790650000000010034961,https://www.xiaohongshu.com/explore/6a0137210000000007026956?xhsshare=CopyLink&type=video,"查找失败: Page.wait_for_timeout: Target page, context or browser has been closed"
773,笔记暂未设置标题,https://www.xiaohongshu.com/user/profile/63e0b31b0000000026005d87,https://www.xiaohongshu.com/explore/6a012a1600000000360195cf?xhsshare=CopyLink&type=video,笔记无标题(不可恢复)
774,家务阿姨效率高｜小妙招大公开,https://www.xiaohongshu.com/user/profile/6819a8ae000000000e01d2a5,https://www.xiaohongshu.com/explore/6a01851a0000000008025227?xhsshare=CopyLink&type=video,"查找失败: Page.wait_for_timeout: Target page, context or browser has been closed"
775,不知道618东芝z5Pro能便宜多少呀,https://www.xiaohongshu.com/user/profile/614e71160000000002025a85,https://www.xiaohongshu.com/explore/6a01c4e9000000003502d91a?xhsshare=CopyLink&type=video,"查找失败: Page.wait_for_timeout: Target page, context or browser has been closed"
776,笔记暂未设置标题,https://www.xiaohongshu.com/user/profile/687fa17e000000001e039d45,https://www.xiaohongshu.com/explore/6a0165470000000006022220?xhsshare=CopyLink&type=video,笔记无标题(不可恢复)
777,618家电清单|好用不踩雷的厨房电器,https://www.xiaohongshu.com/user/profile/649b0a4f000000001c02acec,https://www.xiaohongshu.com/explore/6a01a1ba000000003803489e?xhsshare=CopyLink&type=video,"查找失败: Page.wait_for_timeout: Target page, context or browser has been closed"
778,天河区家电维修日记,https://www.xiaohongshu.com/user/profile/69cb409700000000340193a1,https://www.xiaohongshu.com/explore/6a01464a000000003502dfb7?xhsshare=CopyLink&type=video,"查找失败: Page.wait_for_timeout: Target page, context or browser has been closed"
779,重庆方太洗碗机求购,https://www.xiaohongshu.com/user/profile/669f22760000000024020a5a,https://www.xiaohongshu.com/explore/6a018110000000003502ca30?xhsshare=CopyLink&type=video,"查找失败: Page.wait_for_timeout: Target page, context or browser has been closed"
780,粉色草莓陶瓷筷：让餐桌秒变童话世界✨,https://www.xiaohongshu.com/user/profile/689b1eb8000000001802bdc6,https://www.xiaohongshu.com/explore/6a01e1ab0000000035027039?xhsshare=CopyLink&type=video,"查找失败: Page.wait_for_timeout: Target page, context or browser has been closed"
781,浦锦街道缦玥洋房🏠三房两卫出租,https://www.xiaohongshu.com/user/profile/671c530e000000001d03106f,https://www.xiaohongshu.com/explore/6a01314700000000070251f3?xhsshare=CopyLink&type=video,"查找失败: Page.wait_for_timeout: Target page, context or browser has been closed"
782,奶油风法式陶瓷碗具，让餐桌秒变ins风🍴,https://www.xiaohongshu.com/user/profile/58f36adc50c4b41a5795a9e9,https://www.xiaohongshu.com/explore/6a0122c9000000000702c0a2?xhsshare=CopyLink&type=video,"查找失败: Page.wait_for_timeout: Target page, context or browser has been closed"
783,餐饮后厨必备！高品质商用洗碗机厂家推荐,https://www.xiaohongshu.com/user/profile/5ec14d25000000000101de65,https://www.xiaohongshu.com/explore/6a019d9e000000000702ee54?xhsshare=CopyLink&type=video,"查找失败: Page.wait_for_timeout: Target page, context or browser has been closed"
784,纽约26fall丨DTBK全景公寓maxwell设施视频,https://www.xiaohongshu.com/user/profile/67a6ffaa000000000601e1ae,https://www.xiaohongshu.com/explore/6a0172250000000036030991?xhsshare=CopyLink&type=video,"查找失败: Page.wait_for_timeout: Target page, context or browser has been closed"
785,神级便当袋！上班族野营都靠它,https://www.xiaohongshu.com/user/profile/6829a697000000000403023c,https://www.xiaohongshu.com/explore/6a0151420000000006032d6a?xhsshare=CopyLink&type=video,"查找失败: Page.wait_for_timeout: Target page, context or browser has been closed"
786,美示冰台,https://www.xiaohongshu.com/user/profile/666d0e920000000003030c05,https://www.xiaohongshu.com/explore/6a01afca000000000803f93b?xhsshare=CopyLink&type=video,"查找失败: Page.wait_for_timeout: Target page, context or browser has been closed"
787,悉尼出外婆小院1b1b 499pw 带独立洗烘～,https://www.xiaohongshu.com/user/profile/69fed76e000000000103ec00,https://www.xiaohongshu.com/explore/6a01a5d3000000000702dcc0?xhsshare=CopyLink&type=video,"查找失败: Page.wait_for_timeout: Target page, context or browser has been closed"
788,160㎡奢装三房🏠梦中情屋没错了！,https://www.xiaohongshu.com/user/profile/68ff68470000000032018a5e,https://www.xiaohongshu.com/explore/6a0187f30000000037034446?xhsshare=CopyLink&type=video,"查找失败: Page.wait_for_timeout: Target page, context or browser has been closed"
789,墨尔本出一间Liv Munro的高层1b1b,https://www.xiaohongshu.com/user/profile/656a98b70000000020037422,https://www.xiaohongshu.com/explore/6a014f800000000007020625?xhsshare=CopyLink&type=video,"查找失败: Page.wait_for_timeout: Target page, context or browser has been closed"
790,洗碗机有推荐吗,https://www.xiaohongshu.com/user/profile/6389aca9000000001f019045,https://www.xiaohongshu.com/explore/6a00ee190000000036031bbc?xhsshare=CopyLink&type=video,"查找失败: Page.wait_for_timeout: Target page, context or browser has been closed"
791,麓湖观澜170平湖景大四居🌊,https://www.xiaohongshu.com/user/profile/5a06ab2c4eacab71baba18c7,https://www.xiaohongshu.com/explore/6a019d2e0000000035033846?xhsshare=CopyLink&type=video,"查找失败: Page.wait_for_timeout: Target page, context or browser has been closed"
792,笔记暂未设置标题,https://www.xiaohongshu.com/user/profile/664edd5b000000001b03b06d,https://www.xiaohongshu.com/explore/69fe96fe0000000035025ae2?xhsshare=CopyLink&type=video,笔记无标题(不可恢复)
793,笔记暂未设置标题,https://www.xiaohongshu.com/user/profile/66d81889000000001d030aa8,https://www.xiaohongshu.com/explore/6a01ceef000000003501fd99?xhsshare=CopyLink&type=video,笔记无标题(不可恢复)
794,南海城三房一厅一卫一厨一阳台招租，可养宠,https://www.xiaohongshu.com/user/profile/66c7f310000000000b0331c3,https://www.xiaohongshu.com/explore/6a010b78000000003502553b?xhsshare=CopyLink&type=video,"查找失败: Page.wait_for_timeout: Target page, context or browser has been closed"
795,💫奶油风餐具太治愈了！法式釉下彩绝了,https://www.xiaohongshu.com/user/profile/5f7d29ac00000000010097c5,https://www.xiaohongshu.com/explore/6a01ab22000000000803e139?xhsshare=CopyLink&type=video,"查找失败: Page.wait_for_timeout: Target page, context or browser has been closed"
796,天府新区租房｜中海麓湖公馆142㎡正南套,https://www.xiaohongshu.com/user/profile/66e4fb01000000001d033b53,https://www.xiaohongshu.com/explore/6a019c4f000000003700f58b?xhsshare=CopyLink&type=video,"查找失败: Page.wait_for_timeout: Target page, context or browser has been closed"
797,笔记暂未设置标题,https://www.xiaohongshu.com/user/profile/6133ab850000000002021aa8,https://www.xiaohongshu.com/explore/6a013f600000000038021f8a?xhsshare=CopyLink&type=video,笔记无标题(不可恢复)
798,多伦多Markham出闲置,https://www.xiaohongshu.com/user/profile/5c3ad0a50000000006032d53,https://www.xiaohongshu.com/explore/6a010dd90000000006022cc6?xhsshare=CopyLink&type=video,"查找失败: Page.wait_for_timeout: Target page, context or browser has been closed"
799,饭店洗碗的正确打开方式，商用洗碗机！,https://www.xiaohongshu.com/user/profile/645d0dde000000001f033b8b,https://www.xiaohongshu.com/explore/6a01c156000000003502af1a?xhsshare=CopyLink&type=video,"查找失败: Page.wait_for_timeout: Target page, context or browser has been closed"
800,食堂洗碗机，洗碗只要1分钟,https://www.xiaohongshu.com/user/profile/688b8108000000002800eef4,https://www.xiaohongshu.com/explore/6a01a41b000000003502105d?xhsshare=CopyLink&type=video,"查找失败: Page.wait_for_timeout: Target page, context or browser has been closed"
801,美的X6SMAX洗碗机8台现货，需要可了解,https://www.xiaohongshu.com/user/profile/60c050ca0000000001003d1d,https://www.xiaohongshu.com/explore/6a01bbca00000000070221de?xhsshare=CopyLink&type=video,"查找失败: Page.wait_for_timeout: Target page, context or browser has been closed"
802,再见了，传统的洗碗方式,https://www.xiaohongshu.com/user/profile/617e1d41000000000201e00f,https://www.xiaohongshu.com/explore/6a01e323000000003700d959?xhsshare=CopyLink&type=video,"查找失败: Page.wait_for_timeout: Target page, context or browser has been closed"
803,墨尔本City  livmunro 2B2B整租 可养🐱,https://www.xiaohongshu.com/user/profile/646846770000000010029331,https://www.xiaohongshu.com/explore/6a01a97000000000070100dd?xhsshare=CopyLink&type=video,"查找失败: Page.wait_for_timeout: Target page, context or browser has been closed"
804,南海城三房一厅一卫一厨一阳台招租，可养宠,https://www.xiaohongshu.com/user/profile/62ff8684000000000f0052f0,https://www.xiaohongshu.com/explore/6a010b1b0000000035038d69?xhsshare=CopyLink&type=video,"查找失败: Page.wait_for_timeout: Target page, context or browser has been closed"
805,Momcozy清洗机618能冲低吗，想一步到位,https://www.xiaohongshu.com/user/profile/5d1029610000000011018e46,https://www.xiaohongshu.com/explore/6a01b6f70000000035027891?xhsshare=CopyLink&type=video,"查找失败: Page.wait_for_timeout: Target page, context or browser has been closed"
806,洗碗机的使用方法,https://www.xiaohongshu.com/user/profile/60705fff000000000100955f,https://www.xiaohongshu.com/explore/6a0134b2000000000702af3e?xhsshare=CopyLink&type=video,"查找失败: Page.wait_for_timeout: Target page, context or browser has been closed"
807,9英寸拉面碗让我上头了🥢,https://www.xiaohongshu.com/user/profile/6909b60c000000003101040b,https://www.xiaohongshu.com/explore/6a01aa4d0000000008002ca3?xhsshare=CopyLink&type=video,"查找失败: Page.wait_for_timeout: Target page, context or browser has been closed"
808,✨2026新款碗碟太有质感了！,https://www.xiaohongshu.com/user/profile/690b89c9000000003002c55b,https://www.xiaohongshu.com/explore/6a01c8930000000006035a8c?xhsshare=CopyLink&type=video,"查找失败: Page.wait_for_timeout: Target page, context or browser has been closed"
809,陆家嘴 | 世纪大道丨电梯一房80㎡,https://www.xiaohongshu.com/user/profile/6231e2390000000021025a22,https://www.xiaohongshu.com/explore/6a01a3ef0000000006030174?xhsshare=CopyLink&type=video,"查找失败: Page.wait_for_timeout: Target page, context or browser has been closed"
810,丝瓜抹布油污轻松去家庭免洗小帮手！,https://www.xiaohongshu.com/user/profile/68fca006000000003201ab07,https://www.xiaohongshu.com/explore/6a00ac55000000000803221f?xhsshare=CopyLink&type=video,"查找失败: Page.wait_for_timeout: Target page, context or browser has been closed"
811,笔记暂未设置标题,https://www.xiaohongshu.com/user/profile/56504eb2f53ee06797e8ac08,https://www.xiaohongshu.com/explore/6a0180ba0000000006030501?xhsshare=CopyLink&type=video,笔记无标题(不可恢复)
812,🧂泡菜腌菜，用它更安心,https://www.xiaohongshu.com/user/profile/6313849c00000000120039cc,https://www.xiaohongshu.com/explore/6a01bed400000000350264e2?xhsshare=CopyLink&type=video,"查找失败: Page.wait_for_timeout: Target page, context or browser has been closed"
813,笔记暂未设置标题,https://www.xiaohongshu.com/user/profile/600583e8000000000101ef3c,https://www.xiaohongshu.com/explore/6a01c15f0000000035030e6e?xhsshare=CopyLink&type=video,笔记无标题(不可恢复)
814,悉尼Waterloo 1b1b带阳台,https://www.xiaohongshu.com/user/profile/68fa0e390000000032028240,https://www.xiaohongshu.com/explore/6a01ac810000000038034c87?xhsshare=CopyLink&type=video,"查找失败: Page.wait_for_timeout: Target page, context or browser has been closed"
815,食堂干饭最强装备｜316L不锈钢饭盒太能装了,https://www.xiaohongshu.com/user/profile/67fe655f000000001802460c,https://www.xiaohongshu.com/explore/6a00fe5e00000000350214c5?xhsshare=CopyLink&type=video,"查找失败: Page.wait_for_timeout: Target page, context or browser has been closed"
816,🍃盲盒餐具来啦！50个才278元！,https://www.xiaohongshu.com/user/profile/62c2ee3c000000001b027479,https://www.xiaohongshu.com/explore/6a01cc65000000003503a90a?xhsshare=CopyLink&type=video,"查找失败: Page.wait_for_timeout: Target page, context or browser has been closed"
817,先别买家电家具❗️618补贴升级立减50%🔥,https://www.xiaohongshu.com/user/profile/6513d16a0000000024015ee2,https://www.xiaohongshu.com/explore/6a017558000000003501f6af?xhsshare=CopyLink&type=video,"查找失败: Page.wait_for_timeout: Target page, context or browser has been closed"
818,笔记暂未设置标题,https://www.xiaohongshu.com/user/profile/6968b5a6000000000b039c49,https://www.xiaohongshu.com/explore/6a0199be00000000380355bd?xhsshare=CopyLink&type=video,笔记无标题(不可恢复)
819,景德镇碗碟✨高级感拉满💯,https://www.xiaohongshu.com/user/profile/690b89c9000000003002c55b,https://www.xiaohongshu.com/explore/6a01c7160000000035021c01?xhsshare=CopyLink&type=video,"查找失败: Page.wait_for_timeout: Target page, context or browser has been closed"
820,一楼意式极简纳风雅｜二楼奶油温柔藏烟,https://www.xiaohongshu.com/user/profile/5dd7a63200000000010014ae,https://www.xiaohongshu.com/explore/6a014cf5000000000803cd37?xhsshare=CopyLink&type=video,"查找失败: Page.wait_for_timeout: Target page, context or browser has been closed"
821,宸光府💰2900,https://www.xiaohongshu.com/user/profile/69ce4e1200000000320291dc,https://www.xiaohongshu.com/explore/6a01bcfd0000000036001d61?xhsshare=CopyLink&type=video,"查找失败: Page.wait_for_timeout: Target page, context or browser has been closed"
822,坐标西安，厨房装完就后悔,https://www.xiaohongshu.com/user/profile/5fb1099c0000000001004b0d,https://www.xiaohongshu.com/explore/6a0161d6000000003701d37b?xhsshare=CopyLink&type=video,"查找失败: Page.wait_for_timeout: Target page, context or browser has been closed"
823,普陀区🥹两房两厅➕衣帽间‼️,https://www.xiaohongshu.com/user/profile/67ea6b09000000000d0094c4,https://www.xiaohongshu.com/explore/6a016b590000000006031fdf?xhsshare=CopyLink&type=video,"查找失败: Page.wait_for_timeout: Target page, context or browser has been closed"
824,墨尔本大学门口 带阳台1b1b短租半年 660pw,https://www.xiaohongshu.com/user/profile/65eaf7cf000000000500d45c,https://www.xiaohongshu.com/explore/6a01926b0000000038021a1c?xhsshare=CopyLink&type=video,"查找失败: Page.wait_for_timeout: Target page, context or browser has been closed"
825,苏晨可拆卸长柄洗杯刷，清杯神器大公开！🤯,https://www.xiaohongshu.com/user/profile/6829ac29000000000402abef,https://www.xiaohongshu.com/explore/6a015bb50000000008002131?xhsshare=CopyLink&type=video,"查找失败: Page.wait_for_timeout: Target page, context or browser has been closed"
826,2025新款碗具太有质感了！家人们冲！,https://www.xiaohongshu.com/user/profile/69215adb0000000030032a28,https://www.xiaohongshu.com/explore/6a01db5b0000000036000edc?xhsshare=CopyLink&type=video,"查找失败: Page.wait_for_timeout: Target page, context or browser has been closed"
827,福田香蜜湖｜深业中城75㎡精装首租✨,https://www.xiaohongshu.com/user/profile/6736e2fb000000001d02eb5a,https://www.xiaohongshu.com/explore/6a01c7d30000000035038e1b?xhsshare=CopyLink&type=video,"查找失败: Page.wait_for_timeout: Target page, context or browser has been closed"
828,我也不想买这么多啊！,https://www.xiaohongshu.com/user/profile/6839ef9e000000001b01894f,https://www.xiaohongshu.com/explore/6a00b92f0000000035038a9c?xhsshare=CopyLink&type=video,"查找失败: Page.wait_for_timeout: Target page, context or browser has been closed"
829,笔记暂未设置标题,https://www.xiaohongshu.com/user/profile/648988f60000000012034137,https://www.xiaohongshu.com/explore/6a013f6a0000000008024b5e?xhsshare=CopyLink&type=video,笔记无标题(不可恢复)
830,上海徐家汇|名仕苑🏠精装大三房出租🎉,https://www.xiaohongshu.com/user/profile/656100c90000000004039581,https://www.xiaohongshu.com/explore/6a0165b20000000008033edc?xhsshare=CopyLink&type=video,"查找失败: Page.wait_for_timeout: Target page, context or browser has been closed"
831,维嘉同款洗碗机能过关吗？小厨房能选吗？,https://www.xiaohongshu.com/user/profile/69099a25000000003700897a,https://www.xiaohongshu.com/explore/69fdab040000000035030d56?xhsshare=CopyLink&type=video,"查找失败: Page.wait_for_timeout: Target page, context or browser has been closed"
832,和悦广场附近💗双主卧设计💗奶油风 8k➕,https://www.xiaohongshu.com/user/profile/65fefa09000000000600f7bc,https://www.xiaohongshu.com/explore/6a01fa620000000008026fa8?xhsshare=CopyLink&type=video,"查找失败: Page.wait_for_timeout: Target page, context or browser has been closed"
833,悉尼Central Park高层1b｜绝美City View,https://www.xiaohongshu.com/user/profile/689cb532000000001901a817,https://www.xiaohongshu.com/explore/6a0198fa000000003502801e?xhsshare=CopyLink&type=video,"查找失败: Page.wait_for_timeout: Target page, context or browser has been closed"
834,墨尔本SC 2B2B 转租‼️‼️,https://www.xiaohongshu.com/user/profile/5ad419e34eacab1f227b88b4,https://www.xiaohongshu.com/explore/6a01e47e0000000035031dfe?xhsshare=CopyLink&type=video,"查找失败: Page.wait_for_timeout: Target page, context or browser has been closed"
835,出租出售铁西张士下叠别墅,https://www.xiaohongshu.com/user/profile/59fdcb014eacab79f48b9ba9,https://www.xiaohongshu.com/explore/6a01d4c2000000003503996c?xhsshare=CopyLink&type=video,"查找失败: Page.wait_for_timeout: Target page, context or browser has been closed"
836,川岛屋可爱草帽盘子家用甜品水果沙拉早餐盘,https://www.xiaohongshu.com/user/profile/6823e2a2000000000e01fac0,https://www.xiaohongshu.com/explore/6a015a8200000000060233f0?xhsshare=CopyLink&type=video,"查找失败: Page.wait_for_timeout: Target page, context or browser has been closed"
837,15号线丰翔路｜润府B区，103户型出租,https://www.xiaohongshu.com/user/profile/5e54067a0000000001001348,https://www.xiaohongshu.com/explore/6a019349000000000701050c?xhsshare=CopyLink&type=video,"查找失败: Page.wait_for_timeout: Target page, context or browser has been closed"
838,笔记暂未设置标题,https://www.xiaohongshu.com/user/profile/647a8bc70000000010037c33,https://www.xiaohongshu.com/explore/6a012869000000000702cefc?xhsshare=CopyLink&type=video,笔记无标题(不可恢复)
839,入住一年，不后悔安装洗碗机,https://www.xiaohongshu.com/user/profile/673abcdb000000001d02c165,https://www.xiaohongshu.com/explore/6a01c026000000000702e8bd?xhsshare=CopyLink&type=video,"查找失败: Page.wait_for_timeout: Target page, context or browser has been closed"
840,菜板选它就对了🛍️🛍️,https://www.xiaohongshu.com/user/profile/633be6f70000000018029b75,https://www.xiaohongshu.com/explore/6a0149ee000000003502a1d4?xhsshare=CopyLink&type=video,"查找失败: Page.wait_for_timeout: Target page, context or browser has been closed"
841,保利天汇五期109平背景墙4房｜🉑吉屋🉑配齐,https://www.xiaohongshu.com/user/profile/6033817c000000000100bb9c,https://www.xiaohongshu.com/explore/6a01c19c000000000803153e?xhsshare=CopyLink&type=video,"查找失败: Page.wait_for_timeout: Target page, context or browser has been closed"
842,不会还有人买洗碗机不看教程吧!,https://www.xiaohongshu.com/user/profile/696d9ab20000000014014b9b,https://www.xiaohongshu.com/explore/6a019632000000000701149e?xhsshare=CopyLink&type=video,"查找失败: Page.wait_for_timeout: Target page, context or browser has been closed"
843,设计美学：方太水槽洗碗机,https://www.xiaohongshu.com/user/profile/67ec9ffb000000000e01e9d2,https://www.xiaohongshu.com/explore/6a014d650000000007025413?xhsshare=CopyLink&type=video,"查找失败: Page.wait_for_timeout: Target page, context or browser has been closed"
844,麓湖 别墅下叠 带100平花园地下室 酒吧2万,https://www.xiaohongshu.com/user/profile/68887ae6000000001b01b98b,https://www.xiaohongshu.com/explore/6a013b2f0000000007028adf?xhsshare=CopyLink&type=video,"查找失败: Page.wait_for_timeout: Target page, context or browser has been closed"
845,随手一拍安装dzozo轻智能马桶,https://www.xiaohongshu.com/user/profile/68243a8e0000000006010e7e,https://www.xiaohongshu.com/explore/6a001c4f00000000080002b3?xhsshare=CopyLink&type=video,"查找失败: Page.wait_for_timeout: Target page, context or browser has been closed"
846,焦糖熬翻车？洗碗机给我上了一课🤯,https://www.xiaohongshu.com/user/profile/675b7653000000001c019ee5,https://www.xiaohongshu.com/explore/6a0160c00000000035038ee7?xhsshare=CopyLink&type=video,"查找失败: Page.wait_for_timeout: Target page, context or browser has been closed"
847,福田香蜜湖租房｜东海国际140㎡极简两房,https://www.xiaohongshu.com/user/profile/6687858e000000000b030782,https://www.xiaohongshu.com/explore/6a01c0130000000035026b97?xhsshare=CopyLink&type=video,"查找失败: Page.wait_for_timeout: Target page, context or browser has been closed"
848,东明路复式大三房三卫送院子月底到期河景房,https://www.xiaohongshu.com/user/profile/5bc9c118546966000191c9f0,https://www.xiaohongshu.com/explore/6a01c790000000003502e913?xhsshare=CopyLink&type=video,"查找失败: Page.wait_for_timeout: Target page, context or browser has been closed"
849,宝妈必备神器！奶瓶清洁一刷搞定,https://www.xiaohongshu.com/user/profile/6982cb21000000001d007a18,https://www.xiaohongshu.com/explore/6a00debe00000000360314c1?xhsshare=CopyLink&type=video,"查找失败: Page.wait_for_timeout: Target page, context or browser has been closed"
850,防霉耐高温｜家家都该有,https://www.xiaohongshu.com/user/profile/69215adb0000000030032a28,https://www.xiaohongshu.com/explore/6a01dc0f000000003501cb88?xhsshare=CopyLink&type=video,"查找失败: Page.wait_for_timeout: Target page, context or browser has been closed"
851,西门子晶蕾烘干洗碗机SE45ZB25KC,https://www.xiaohongshu.com/user/profile/657867730000000019011085,https://www.xiaohongshu.com/explore/6a0144e0000000000702100b?xhsshare=CopyLink&type=video,"查找失败: Page.wait_for_timeout: Target page, context or browser has been closed"
852,房东直租｜静安寺自己的房子找租客,https://www.xiaohongshu.com/user/profile/55c4958067bc6544a7f0ce8b,https://www.xiaohongshu.com/explore/6a015fc20000000008026627?xhsshare=CopyLink&type=video,"查找失败: Page.wait_for_timeout: Target page, context or browser has been closed"
853,笔记暂未设置标题,https://www.xiaohongshu.com/user/profile/60d7db24000000002002a3c4,https://www.xiaohongshu.com/explore/6a0145cf000000003502dd19?xhsshare=CopyLink&type=video,笔记无标题(不可恢复)
854,烘焙必学C卡达，每天都有洗不完的模具啊！,https://www.xiaohongshu.com/user/profile/5ebcbc5400000000010046eb,https://www.xiaohongshu.com/explore/6a01cb2a0000000006022d71?xhsshare=CopyLink&type=video,"查找失败: Page.wait_for_timeout: Target page, context or browser has been closed"
855,厨房水槽下水管三通洗菜盆配件洗碗机净水器,https://www.xiaohongshu.com/user/profile/68f202930000000037033d23,https://www.xiaohongshu.com/explore/6a015ca90000000037036306?xhsshare=CopyLink&type=video,"查找失败: Page.wait_for_timeout: Target page, context or browser has been closed"
856,大唐御玺洗碗机改大单槽🔥,https://www.xiaohongshu.com/user/profile/5aff83674eacab7aac47ce7d,https://www.xiaohongshu.com/explore/6a01df4700000000350397c1?xhsshare=CopyLink&type=video,"查找失败: Page.wait_for_timeout: Target page, context or browser has been closed"
857,2w/月静安区爱丽轩 130平俩房采光极好 全套,https://www.xiaohongshu.com/user/profile/618b47eb00000000210276df,https://www.xiaohongshu.com/explore/6a01a0a20000000006020b5d?xhsshare=CopyLink&type=video,"查找失败: Page.wait_for_timeout: Target page, context or browser has been closed"
858,美区us好用的不粘锅~5🔪,https://www.xiaohongshu.com/user/profile/68ea2077000000003702ad3b,https://www.xiaohongshu.com/explore/6a0190c40000000035032e60?xhsshare=CopyLink&type=video,"查找失败: Page.wait_for_timeout: Target page, context or browser has been closed"
859,南昌 红谷滩 113平106万 带车位 装修好的,https://www.xiaohongshu.com/user/profile/66197c5200000000030308ec,https://www.xiaohongshu.com/explore/6a012f0b000000000800162f?xhsshare=CopyLink&type=video,"查找失败: Page.wait_for_timeout: Target page, context or browser has been closed"
860,谁懂啊！这套餐具盲盒真的好可爱呀🥹,https://www.xiaohongshu.com/user/profile/67b193cd000000000a03d92d,https://www.xiaohongshu.com/explore/6a0172bc000000000803f6d0?xhsshare=CopyLink&type=video,"查找失败: Page.wait_for_timeout: Target page, context or browser has been closed"
861,厨房电器正确选择，看过来👀,https://www.xiaohongshu.com/user/profile/59c113d451783a1a817fd9e7,https://www.xiaohongshu.com/explore/6a016ad90000000035032346?xhsshare=CopyLink&type=video,"查找失败: Page.wait_for_timeout: Target page, context or browser has been closed"
862,西门子SJ45ZB24MC,https://www.xiaohongshu.com/user/profile/67bfad2a000000000e01d367,https://www.xiaohongshu.com/explore/6a0182530000000038034bf7?xhsshare=CopyLink&type=video,"查找失败: Page.wait_for_timeout: Target page, context or browser has been closed"
863,漂亮的早餐碗！18r大容量泼墨搪瓷,https://www.xiaohongshu.com/user/profile/5f8c00540000000001002c5a,https://www.xiaohongshu.com/explore/6a0153400000000008026f74?xhsshare=CopyLink&type=video,"查找失败: Page.wait_for_timeout: Target page, context or browser has been closed"
864,🌈 Le Creuset 马克杯｜每天咖啡都不同心情,https://www.xiaohongshu.com/user/profile/6533e881000000000400af92,https://www.xiaohongshu.com/explore/6a019b980000000037037a55?xhsshare=CopyLink&type=video,"查找失败: Page.wait_for_timeout: Target page, context or browser has been closed"
865,西门子新一级水效洗碗机｜被新款狠狠种草✨,https://www.xiaohongshu.com/user/profile/5bc752c1e1ce0500015b8ab3,https://www.xiaohongshu.com/explore/6a018958000000000603311b?xhsshare=CopyLink&type=video,"查找失败: Page.wait_for_timeout: Target page, context or browser has been closed"
866,这做饭姿势，绝了！#kk星球,https://www.xiaohongshu.com/user/profile/68e136da0000000032018d8e,https://www.xiaohongshu.com/explore/6a0171700000000008027294?xhsshare=CopyLink&type=video,"查找失败: Page.wait_for_timeout: Target page, context or browser has been closed"
867,2026 商用洗碗机闭眼入！节能省电还省心,https://www.xiaohongshu.com/user/profile/5ec14d25000000000101de65,https://www.xiaohongshu.com/explore/6a019c9000000000070137f1?xhsshare=CopyLink&type=video,"查找失败: Page.wait_for_timeout: Target page, context or browser has been closed"
868,26s2找室友🔥墨尔本豪华公寓｜2b2b捡漏,https://www.xiaohongshu.com/user/profile/69e977f4000000000103f400,https://www.xiaohongshu.com/explore/6a014424000000003502825e?xhsshare=CopyLink&type=video,"查找失败: Page.wait_for_timeout: Target page, context or browser has been closed"
869,被朋友夸爆的厨房四件套✨华帝yyds,https://www.xiaohongshu.com/user/profile/6485e6f4000000000f006355,https://www.xiaohongshu.com/explore/6a01ac0c000000000803e5c5?xhsshare=CopyLink&type=video,"查找失败: Page.wait_for_timeout: Target page, context or browser has been closed"
870,婚房绝了✨192平2+1居然这么省❗️,https://www.xiaohongshu.com/user/profile/69ad7f2a000000003301ba26,https://www.xiaohongshu.com/explore/6a018a740000000008032dc5?xhsshare=CopyLink&type=video,"查找失败: Page.wait_for_timeout: Target page, context or browser has been closed"
871,小卷芯三防标签｜便携耐用,https://www.xiaohongshu.com/user/profile/689ec4e9000000001802f51d,https://www.xiaohongshu.com/explore/6a0140e1000000003503aa25?xhsshare=CopyLink&type=video,"查找失败: Page.wait_for_timeout: Target page, context or browser has been closed"
872,西门子20套晶蕾洗碗机三台余货，需要可询价,https://www.xiaohongshu.com/user/profile/664c7223000000000b0338cc,https://www.xiaohongshu.com/explore/6a01d9ad000000003502bd36?xhsshare=CopyLink&type=video,"查找失败: Page.wait_for_timeout: Target page, context or browser has been closed"
873,给娃煮辅食，这口锅让我安心了🍼,https://www.xiaohongshu.com/user/profile/64cca43a000000000e027f59,https://www.xiaohongshu.com/explore/6a018cf5000000003703618e?xhsshare=CopyLink&type=video,"查找失败: Page.wait_for_timeout: Target page, context or browser has been closed"
874,杭州江干区租房的看过来！水岸城市花园,https://www.xiaohongshu.com/user/profile/68ba9cd0000000001a021f3a,https://www.xiaohongshu.com/explore/6a0120c80000000037034cbf?xhsshare=CopyLink&type=video,"查找失败: Page.wait_for_timeout: Target page, context or browser has been closed"
875,笔记暂未设置标题,https://www.xiaohongshu.com/user/profile/62fdff92000000001200e523,https://www.xiaohongshu.com/explore/6a01593b0000000037035223?xhsshare=CopyLink&type=video,笔记无标题(不可恢复)
876,🏠 会展湾招商雍境花园 | 90平横厅🈳三房,https://www.xiaohongshu.com/user/profile/660fd2980000000007007df9,https://www.xiaohongshu.com/explore/6a0194490000000007020ae1?xhsshare=CopyLink&type=video,"查找失败: Page.wait_for_timeout: Target page, context or browser has been closed"
877,【好物分享】大公鸡除油产品专业版,https://www.xiaohongshu.com/user/profile/67c3301e000000000d00b225,https://www.xiaohongshu.com/explore/6a00bb35000000000803c81a?xhsshare=CopyLink&type=video,"查找失败: Page.wait_for_timeout: Target page, context or browser has been closed"
878,筷子在洗碗机里滚三圈…,https://www.xiaohongshu.com/user/profile/634a76c4000000001901eb0e,https://www.xiaohongshu.com/explore/6a01d994000000003601fa97?xhsshare=CopyLink&type=video,"查找失败: Page.wait_for_timeout: Target page, context or browser has been closed"
879,谁说餐具不能高级感？这个碗真的绝了✨,https://www.xiaohongshu.com/user/profile/690864a1000000003002e25c,https://www.xiaohongshu.com/explore/6a01899100000000080037f9?xhsshare=CopyLink&type=video,"查找失败: Page.wait_for_timeout: Target page, context or browser has been closed"
880,租房党终于可以解放双手了✌️,https://www.xiaohongshu.com/user/profile/63fc23080000000029017cd6,https://www.xiaohongshu.com/explore/6a01ca2500000000070291be?xhsshare=CopyLink&type=video,"查找失败: Page.wait_for_timeout: Target page, context or browser has been closed"
881,南海城三房一厅一卫一厨一阳台招租，可养宠,https://www.xiaohongshu.com/user/profile/66c7f310000000000b0331c3,https://www.xiaohongshu.com/explore/6a010b6c0000000035021d71?xhsshare=CopyLink&type=video,"查找失败: Page.wait_for_timeout: Target page, context or browser has been closed"
882,西安，阿姨要走了，含泪转,https://www.xiaohongshu.com/user/profile/69f164f60000000002001400,https://www.xiaohongshu.com/explore/6a01a4e5000000003601a52c?xhsshare=CopyLink&type=video,"查找失败: Page.wait_for_timeout: Target page, context or browser has been closed"
883,洗碗机，我后悔为什么这么晚才买！,https://www.xiaohongshu.com/user/profile/5a50c28011be10559033210b,https://www.xiaohongshu.com/explore/6a01f081000000003600049d?xhsshare=CopyLink&type=video,"查找失败: Page.wait_for_timeout: Target page, context or browser has been closed"
884,正要装修的宝宝们看过来,https://www.xiaohongshu.com/user/profile/5c6aace2000000001200fc54,https://www.xiaohongshu.com/explore/6a017be200000000070265dc?xhsshare=CopyLink&type=video,"查找失败: Page.wait_for_timeout: Target page, context or browser has been closed"
885,这才是耐看又耐造的“梦中情碗”,https://www.xiaohongshu.com/user/profile/64dc7dc7000000000100fa2b,https://www.xiaohongshu.com/explore/6a013222000000003601b4d0?xhsshare=CopyLink&type=video,"查找失败: Page.wait_for_timeout: Target page, context or browser has been closed"
886,笔记暂未设置标题,https://www.xiaohongshu.com/user/profile/67bf14cd000000000e01e08f,https://www.xiaohongshu.com/explore/6a0145690000000006034aa8?xhsshare=CopyLink&type=video,笔记无标题(不可恢复)
887,承压神器！水龙头防溅万向延长软管清单💯必备,https://www.xiaohongshu.com/user/profile/69857339000000001d0063b0,https://www.xiaohongshu.com/explore/6a00fff90000000007027ff4?xhsshare=CopyLink&type=video,"查找失败: Page.wait_for_timeout: Target page, context or browser has been closed"
888,笔记暂未设置标题,https://www.xiaohongshu.com/user/profile/6443f00300000000290164d9,https://www.xiaohongshu.com/explore/6a0141f40000000006037a1d?xhsshare=CopyLink&type=video,笔记无标题(不可恢复)
889,1号线通河新村两房，房东直租,https://www.xiaohongshu.com/user/profile/6863a6010000000008039562,https://www.xiaohongshu.com/explore/6a0141d400000000370352ea?xhsshare=CopyLink&type=video,"查找失败: Page.wait_for_timeout: Target page, context or browser has been closed"
890,笔记暂未设置标题,https://www.xiaohongshu.com/user/profile/609a5122000000000101e6b6,https://www.xiaohongshu.com/explore/6a01368a000000003502cf55?xhsshare=CopyLink&type=video,笔记无标题(不可恢复)
891,厨房水槽漏水发霉，赶紧换！,https://www.xiaohongshu.com/user/profile/5f6717700000000001002cfc,https://www.xiaohongshu.com/explore/6a018b5900000000360037d9?xhsshare=CopyLink&type=video,"查找失败: Page.wait_for_timeout: Target page, context or browser has been closed"
892,钟萃苑｜居家精装 河景房,https://www.xiaohongshu.com/user/profile/67ef75f0000000000a03d255,https://www.xiaohongshu.com/explore/6a01cb120000000036002ef5?xhsshare=CopyLink&type=video,"查找失败: Page.wait_for_timeout: Target page, context or browser has been closed"
893,洗碗机真是伟大的发明｜开启第三年工作,https://www.xiaohongshu.com/user/profile/60987caf0000000001003ed3,https://www.xiaohongshu.com/explore/6a00ad3500000000350234d9?xhsshare=CopyLink&type=video,"查找失败: Page.wait_for_timeout: Target page, context or browser has been closed"
894,日月光打浦桥2房出租 奶油风太治愈了吧！！！,https://www.xiaohongshu.com/user/profile/69c8dc74000000003202ce8a,https://www.xiaohongshu.com/explore/6a01b0300000000006030553?xhsshare=CopyLink&type=video,"查找失败: Page.wait_for_timeout: Target page, context or browser has been closed"
895,不知道洗碗机怎么选？看这里,https://www.xiaohongshu.com/user/profile/67e257df000000000e01f120,https://www.xiaohongshu.com/explore/6a0153e400000000350296d2?xhsshare=CopyLink&type=video,"查找失败: Page.wait_for_timeout: Target page, context or browser has been closed"
896,🌿被追着要链接！清新小花盘闭眼入🌼,https://www.xiaohongshu.com/user/profile/67fe2f830000000008016ab4,https://www.xiaohongshu.com/explore/6a012529000000003501faee?xhsshare=CopyLink&type=video,"查找失败: Page.wait_for_timeout: Target page, context or browser has been closed"
897,墨大旁敲大studio 可双人 长租可小🔪,https://www.xiaohongshu.com/user/profile/6957d03e000000000301037d,https://www.xiaohongshu.com/explore/6a0193120000000007020483?xhsshare=CopyLink&type=video,"查找失败: Page.wait_for_timeout: Target page, context or browser has been closed"
898,笔记暂未设置标题,https://www.xiaohongshu.com/user/profile/660507b1000000000d024788,https://www.xiaohongshu.com/explore/6a0149430000000038021626?xhsshare=CopyLink&type=video,笔记无标题(不可恢复)
899,轻奢岩石纹｜牛排盘高级感,https://www.xiaohongshu.com/user/profile/689ecb320000000018026129,https://www.xiaohongshu.com/explore/6a00c55d000000003700f4ce?xhsshare=CopyLink&type=video,"查找失败: Page.wait_for_timeout: Target page, context or browser has been closed"
900,荠菜饺子！,https://www.xiaohongshu.com/user/profile/5e1ed6f400000000010089cf,https://www.xiaohongshu.com/explore/6a01c90700000000360306a2?xhsshare=CopyLink&type=video,"查找失败: Page.wait_for_timeout: Target page, context or browser has been closed"
901,🔥打工人必看！152m²三房拎包入住,https://www.xiaohongshu.com/user/profile/69a416cf0000000021006297,https://www.xiaohongshu.com/explore/6a01bd14000000003503908d?xhsshare=CopyLink&type=video,"查找失败: Page.wait_for_timeout: Target page, context or browser has been closed"
902,悉尼租房的宝子看过来啦,https://www.xiaohongshu.com/user/profile/68b7b6f10000000019007907,https://www.xiaohongshu.com/explore/6a017a090000000008031a33?xhsshare=CopyLink&type=video,"查找失败: Page.wait_for_timeout: Target page, context or browser has been closed"
903,蒙特利尔搬家出二手（价格如图）,https://www.xiaohongshu.com/user/profile/5a21e59a4eacab5b3a60071c,https://www.xiaohongshu.com/explore/6a00eda7000000000f03ac00?xhsshare=CopyLink&type=video,"查找失败: Page.wait_for_timeout: Target page, context or browser has been closed"
904,没地方装洗碗机的人有福了,https://www.xiaohongshu.com/user/profile/614d7e0a00000000020217d5,https://www.xiaohongshu.com/explore/6a0184880000000036032e7a?xhsshare=CopyLink&type=video,"查找失败: Page.wait_for_timeout: Target page, context or browser has been closed"
905,伦敦高楼层采光绝好1b1b转租，通勤便利,https://www.xiaohongshu.com/user/profile/61f24310000000001000d1fa,https://www.xiaohongshu.com/explore/6a016f980000000037037f85?xhsshare=CopyLink&type=video,"查找失败: Page.wait_for_timeout: Target page, context or browser has been closed"
906,偏爱给妈妈的仪式感|实用礼物不踩雷❤,https://www.xiaohongshu.com/user/profile/6695f3e2000000000303304d,https://www.xiaohongshu.com/explore/6a014b3c000000003502691b?xhsshare=CopyLink&type=video,"查找失败: Page.wait_for_timeout: Target page, context or browser has been closed"
907,沉浸式洗碗5.11,https://www.xiaohongshu.com/user/profile/66a70472000000001d0220b6,https://www.xiaohongshu.com/explore/6a01e18c000000003601ea38?xhsshare=CopyLink&type=video,"查找失败: Page.wait_for_timeout: Target page, context or browser has been closed"
908,洗碗机二选一决赛圈,https://www.xiaohongshu.com/user/profile/61608a6600000000020250df,https://www.xiaohongshu.com/explore/6a01455a0000000007010ffa?xhsshare=CopyLink&type=video,"查找失败: Page.wait_for_timeout: Target page, context or browser has been closed"
909,搬走啦，曼城转1b1b，送家具带洗烘,https://www.xiaohongshu.com/user/profile/665ed5330000000003030d7c,https://www.xiaohongshu.com/explore/6a01aade0000000038023397?xhsshare=CopyLink&type=video,"查找失败: Page.wait_for_timeout: Target page, context or browser has been closed"
910,曼城MNS 2bed | 找室友一起住,https://www.xiaohongshu.com/user/profile/6661c9ec0000000003030a03,https://www.xiaohongshu.com/explore/6a0182b50000000038034e20?xhsshare=CopyLink&type=video,"查找失败: Page.wait_for_timeout: Target page, context or browser has been closed"
911,杭州西门子新一级水效洗碗机已上市！必入！,https://www.xiaohongshu.com/user/profile/640ecc69000000001002bc4d,https://www.xiaohongshu.com/explore/6a0172ed0000000007012036?xhsshare=CopyLink&type=video,"查找失败: Page.wait_for_timeout: Target page, context or browser has been closed"
912,和面神器揉面袋发面团必备神器，揉面不累手残也能成大师！,https://www.xiaohongshu.com/user/profile/631b3fdd000000002303b281,https://www.xiaohongshu.com/explore/6a00c00c000000003701cd16?xhsshare=CopyLink&type=video,"查找失败: Page.wait_for_timeout: Target page, context or browser has been closed"
913,城东精装现房：地铁口 125㎡23X万？,https://www.xiaohongshu.com/user/profile/66c2a382000000001d033fe1,https://www.xiaohongshu.com/explore/6a0176e20000000038023dba?xhsshare=CopyLink&type=video,"查找失败: Page.wait_for_timeout: Target page, context or browser has been closed"
914,奶油原木风🧉一线江景🌴280m²💰2w➕快来👀房,https://www.xiaohongshu.com/user/profile/66711c710000000007005fe9,https://www.xiaohongshu.com/explore/6a0170a000000000060336a5?xhsshare=CopyLink&type=video,"查找失败: Page.wait_for_timeout: Target page, context or browser has been closed"
915,超治愈田园风四件套翻车预警！,https://www.xiaohongshu.com/user/profile/5de269670000000001005a98,https://www.xiaohongshu.com/explore/6a01ac20000000003501f6f2?xhsshare=CopyLink&type=video,"查找失败: Page.wait_for_timeout: Target page, context or browser has been closed"
916,笔记暂未设置标题,https://www.xiaohongshu.com/user/profile/5955200e4f8fd622d977d829,https://www.xiaohongshu.com/explore/6a0184a1000000003601a1e2?xhsshare=CopyLink&type=video,笔记无标题(不可恢复)
917,笔记暂未设置标题,https://www.xiaohongshu.com/user/profile/5fa800d300000000010091c3,https://www.xiaohongshu.com/explore/6a0126d800000000060335d8?xhsshare=CopyLink&type=video,笔记无标题(不可恢复)
918,南山租房（绿景白石洲三房1.1W）好房不等人❗️,https://www.xiaohongshu.com/user/profile/69c4aed60000000033025c4d,https://www.xiaohongshu.com/explore/6a015a7f00000000060316f8?xhsshare=CopyLink&type=video,"查找失败: Page.wait_for_timeout: Target page, context or browser has been closed"
919,湖州装修必看❗老板洗碗机太省心了✨,https://www.xiaohongshu.com/user/profile/663b3c9d0000000003031334,https://www.xiaohongshu.com/explore/6a017e570000000008003e1c?xhsshare=CopyLink&type=video,"查找失败: Page.wait_for_timeout: Target page, context or browser has been closed"
920,需要方太电器的来,https://www.xiaohongshu.com/user/profile/61a0ce6400000000100059aa,https://www.xiaohongshu.com/explore/6a01819e000000003502cd43?xhsshare=CopyLink&type=video,"查找失败: Page.wait_for_timeout: Target page, context or browser has been closed"
921,这套餐具把野餐氛围感焊死了,https://www.xiaohongshu.com/user/profile/69ba77d3000000003303b9fc,https://www.xiaohongshu.com/explore/6a01fbf5000000003601edc6?xhsshare=CopyLink&type=video,"查找失败: Page.wait_for_timeout: Target page, context or browser has been closed"
922,一期交付倒计时！谁家的博世洗碗机已就位,https://www.xiaohongshu.com/user/profile/68c8cfcd000000001900deaa,https://www.xiaohongshu.com/explore/6a01880f00000000350260d0?xhsshare=CopyLink&type=video,"查找失败: Page.wait_for_timeout: Target page, context or browser has been closed"
923,经济原因，转育儿嫂，北京,https://www.xiaohongshu.com/user/profile/69f00fee0000000002001000,https://www.xiaohongshu.com/explore/6a016bbe000000000603787a?xhsshare=CopyLink&type=video,"查找失败: Page.wait_for_timeout: Target page, context or browser has been closed"
924,别让妈妈的爱，困在洗碗池里,https://www.xiaohongshu.com/user/profile/5fe86ee60000000001000620,https://www.xiaohongshu.com/explore/6a01a595000000003501ce01?xhsshare=CopyLink&type=video,"查找失败: Page.wait_for_timeout: Target page, context or browser has been closed"
925,规范推广餐具集中清洗消毒,https://www.xiaohongshu.com/user/profile/5f280f12000000000101d585,https://www.xiaohongshu.com/explore/6a014d3b000000003700cad4?xhsshare=CopyLink&type=video,"查找失败: Page.wait_for_timeout: Target page, context or browser has been closed"
926,2026年618洗碗机怎么选❓小白看完秒懂,https://www.xiaohongshu.com/user/profile/697d5e470000000021010737,https://www.xiaohongshu.com/explore/6a014e91000000000702a8d2?xhsshare=CopyLink&type=video,"查找失败: Page.wait_for_timeout: Target page, context or browser has been closed"
927,今日实拍！夜晚开灯后的梦中情家🌃,https://www.xiaohongshu.com/user/profile/67b017c5000000000a03e6ee,https://www.xiaohongshu.com/explore/6a013abe00000000080337d5?xhsshare=CopyLink&type=video,"查找失败: Page.wait_for_timeout: Target page, context or browser has been closed"
928,曼彻斯特🇬🇧3b2b高层0押金210pw多起,https://www.xiaohongshu.com/user/profile/5ca3077300000000110197c3,https://www.xiaohongshu.com/explore/6a014b0300000000350231ab?xhsshare=CopyLink&type=video,"查找失败: Page.wait_for_timeout: Target page, context or browser has been closed"
929,静安区嘉里不夜城大一房➕衣帽间两厅‼️,https://www.xiaohongshu.com/user/profile/67ea6b09000000000d0094c4,https://www.xiaohongshu.com/explore/6a0187680000000008025dd7?xhsshare=CopyLink&type=video,"查找失败: Page.wait_for_timeout: Target page, context or browser has been closed"
930,南滨路正看南山！山景两室带书房！视野好棒呀,https://www.xiaohongshu.com/user/profile/648fd3d9000000001203514c,https://www.xiaohongshu.com/explore/6a01669f000000003503aae2?xhsshare=CopyLink&type=video,"查找失败: Page.wait_for_timeout: Target page, context or browser has been closed"
931,厨房长期主义👍🏻越用越爱的元宝勺,https://www.xiaohongshu.com/user/profile/650c52ef0000000012005b75,https://www.xiaohongshu.com/explore/6a01427c00000000060200c1?xhsshare=CopyLink&type=video,"查找失败: Page.wait_for_timeout: Target page, context or browser has been closed"
932,笔记暂未设置标题,https://www.xiaohongshu.com/user/profile/5ffabdd70000000001006a8e,https://www.xiaohongshu.com/explore/6a0138ea0000000035021188?xhsshare=CopyLink&type=video,笔记无标题(不可恢复)
933,笔记暂未设置标题,https://www.xiaohongshu.com/user/profile/5da021ea0000000001001066,https://www.xiaohongshu.com/explore/6a00fddf0000000007012337?xhsshare=CopyLink&type=video,笔记无标题(不可恢复)
934,北京自用阿姨无偿转,https://www.xiaohongshu.com/user/profile/69e599640000000002001805,https://www.xiaohongshu.com/explore/6a014928000000003501da27?xhsshare=CopyLink&type=video,"查找失败: Page.wait_for_timeout: Target page, context or browser has been closed"
935,慧曼洗碗机真实使用测评,https://www.xiaohongshu.com/user/profile/6319ba200000000023027b62,https://www.xiaohongshu.com/explore/6a01874d0000000035025c77?xhsshare=CopyLink&type=video,"查找失败: Page.wait_for_timeout: Target page, context or browser has been closed"
936,洗碗机选择,https://www.xiaohongshu.com/user/profile/65ddfe8f000000000500c0cc,https://www.xiaohongshu.com/explore/6a01bb8700000000070220a1?xhsshare=CopyLink&type=video,"查找失败: Page.wait_for_timeout: Target page, context or browser has been closed"
937,解放双手！聚餐洗碗再也不用愁,https://www.xiaohongshu.com/user/profile/62663679000000001000e942,https://www.xiaohongshu.com/explore/6a0152f6000000003701c89f?xhsshare=CopyLink&type=video,"查找失败: Page.wait_for_timeout: Target page, context or browser has been closed"
938,笔记暂未设置标题,https://www.xiaohongshu.com/user/profile/67ea6b09000000000d0094c4,https://www.xiaohongshu.com/explore/6a018577000000000702a3cb?xhsshare=CopyLink&type=video,笔记无标题(不可恢复)
939,笔记暂未设置标题,https://www.xiaohongshu.com/user/profile/601163fe00000000010027d9,https://www.xiaohongshu.com/explore/6a015a9e000000003700d110?xhsshare=CopyLink&type=video,笔记无标题(不可恢复)
940,EH12爱丁堡动物园出短租5.12-6.30,https://www.xiaohongshu.com/user/profile/593a0b57438b7f418321e7d8,https://www.xiaohongshu.com/explore/6a01103a0000000036032fd0?xhsshare=CopyLink&type=video,"查找失败: Page.wait_for_timeout: Target page, context or browser has been closed"
941,笔记暂未设置标题,https://www.xiaohongshu.com/user/profile/624a9549000000000201ebee,https://www.xiaohongshu.com/explore/6a01959c0000000006020d43?xhsshare=CopyLink&type=video,笔记无标题(不可恢复)
942,【Zetland】地标Infinity高层3b2b公寓整租,https://www.xiaohongshu.com/user/profile/658c149a000000002201670c,https://www.xiaohongshu.com/explore/6a01ad55000000003503b799?xhsshare=CopyLink&type=video,"查找失败: Page.wait_for_timeout: Target page, context or browser has been closed"
943,老板风神E3,https://www.xiaohongshu.com/user/profile/64cb7aec000000000b0049ab,https://www.xiaohongshu.com/explore/6a018ce60000000007028a08?xhsshare=CopyLink&type=video,"查找失败: Page.wait_for_timeout: Target page, context or browser has been closed"
944,教你怎么选洗碗机？,https://www.xiaohongshu.com/user/profile/62736ae3000000001000519f,https://www.xiaohongshu.com/explore/6a014cff0000000038022bab?xhsshare=CopyLink&type=video,"查找失败: Page.wait_for_timeout: Target page, context or browser has been closed"
945,✨三口之家的仪式感！高颜值餐具太治愈了💖,https://www.xiaohongshu.com/user/profile/68fb4bc70000000037031453,https://www.xiaohongshu.com/explore/6a01ccbf000000003701f3cb?xhsshare=CopyLink&type=video,"查找失败: Page.wait_for_timeout: Target page, context or browser has been closed"
946,伦敦金丝雀码头落地窗Studio 320ppw 包bill,https://www.xiaohongshu.com/user/profile/6870e414000000000d02cccc,https://www.xiaohongshu.com/explore/6a01a23e000000003701fa52?xhsshare=CopyLink&type=video,"查找失败: Page.wait_for_timeout: Target page, context or browser has been closed"
947,被问爆的景德镇青花玲珑碗！美到舔碗💧,https://www.xiaohongshu.com/user/profile/636600fb000000001f01f3ef,https://www.xiaohongshu.com/explore/6a014f23000000003700d5b8?xhsshare=CopyLink&type=video,"查找失败: Page.wait_for_timeout: Target page, context or browser has been closed"
948,This 通州｜3室1厅2卫 112平米,https://www.xiaohongshu.com/user/profile/5b2fe8dee8ac2b2bb77dca86,https://www.xiaohongshu.com/explore/6a0173cd000000003501ee62?xhsshare=CopyLink&type=video,"查找失败: Page.wait_for_timeout: Target page, context or browser has been closed"
949,重庆租房｜长嘉汇 一线江景四房 房东直租,https://www.xiaohongshu.com/user/profile/6904d6d4000000003700447b,https://www.xiaohongshu.com/explore/6a0158ae0000000007023063?xhsshare=CopyLink&type=video,"查找失败: Page.wait_for_timeout: Target page, context or browser has been closed"
950,粉色叶子陶瓷筷子少女心家用筷耐高温不易发,https://www.xiaohongshu.com/user/profile/6739917b000000001c01bde6,https://www.xiaohongshu.com/explore/6a01793b0000000036001359?xhsshare=CopyLink&type=video,"查找失败: Page.wait_for_timeout: Target page, context or browser has been closed"
951,笔记暂未设置标题,https://www.xiaohongshu.com/user/profile/6443f00300000000290164d9,https://www.xiaohongshu.com/explore/6a01aff500000000060303f5?xhsshare=CopyLink&type=video,笔记无标题(不可恢复)
952,上海租房丨长寿路·苏堤春晓名苑🏡大平层4房,https://www.xiaohongshu.com/user/profile/65995887000000002200258a,https://www.xiaohongshu.com/explore/6a011c6d000000003700fa16?xhsshare=CopyLink&type=video,"查找失败: Page.wait_for_timeout: Target page, context or browser has been closed"
953,西门子黑魔镜洗碗机这个介有要的嘛！！,https://www.xiaohongshu.com/user/profile/668a055d000000000f0347c1,https://www.xiaohongshu.com/explore/6a0194790000000038022694?xhsshare=CopyLink&type=video,"查找失败: Page.wait_for_timeout: Target page, context or browser has been closed"
954,食品级防霉抗菌菜板拯救厨房必备神器,https://www.xiaohongshu.com/user/profile/69b63d48000000003201931f,https://www.xiaohongshu.com/explore/6a0125890000000035027f78?xhsshare=CopyLink&type=video,"查找失败: Page.wait_for_timeout: Target page, context or browser has been closed"
955,中海建国里｜2️⃣期152平高区｜已谈底价！,https://www.xiaohongshu.com/user/profile/65ff886d000000001701f519,https://www.xiaohongshu.com/explore/6a01326c0000000006031b6c?xhsshare=CopyLink&type=video,"查找失败: Page.wait_for_timeout: Target page, context or browser has been closed"
956,合肥租房 | 包河区德望府  中古风 横厅,https://www.xiaohongshu.com/user/profile/6258c3d00000000021021f4b,https://www.xiaohongshu.com/explore/6a014b3c000000003601d81b?xhsshare=CopyLink&type=video,"查找失败: Page.wait_for_timeout: Target page, context or browser has been closed"
957,万科东庐｜89平米3室1厅2卫,https://www.xiaohongshu.com/user/profile/5b2fe8dee8ac2b2bb77dca86,https://www.xiaohongshu.com/explore/6a01729c000000003502a9e2?xhsshare=CopyLink&type=video,"查找失败: Page.wait_for_timeout: Target page, context or browser has been closed"
958,🔥厨房清洁神器！金刚砂海绵擦黑垢除锈超省力✨,https://www.xiaohongshu.com/user/profile/677b9403000000001801c750,https://www.xiaohongshu.com/explore/6a00cac2000000003603054b?xhsshare=CopyLink&type=video,"查找失败: Page.wait_for_timeout: Target page, context or browser has been closed"
959,收小型洗碗机,https://www.xiaohongshu.com/user/profile/5c3f4968000000000700c01e,https://www.xiaohongshu.com/explore/6a01a07b000000003501edf7?xhsshare=CopyLink&type=video,"查找失败: Page.wait_for_timeout: Target page, context or browser has been closed"
960,武汉岛台哪里找 今天被你发现了就在这里,https://www.xiaohongshu.com/user/profile/67dd2000000000000a03f58d,https://www.xiaohongshu.com/explore/6a01e38a000000000702e525?xhsshare=CopyLink&type=video,"查找失败: Page.wait_for_timeout: Target page, context or browser has been closed"
961,阿姆单间转租,https://www.xiaohongshu.com/user/profile/60557dff000000000101ffe0,https://www.xiaohongshu.com/explore/6a00b8f900000000350291f6?xhsshare=CopyLink&type=video,"查找失败: Page.wait_for_timeout: Target page, context or browser has been closed"
962,坐标北京，有需要阿姨的吗？,https://www.xiaohongshu.com/user/profile/69ed6a200000000002002401,https://www.xiaohongshu.com/explore/6a016ded0000000035025477?xhsshare=CopyLink&type=video,"查找失败: Page.wait_for_timeout: Target page, context or browser has been closed"
963,奶白奶绿陶瓷盘，给餐桌加点清新魔法🍃,https://www.xiaohongshu.com/user/profile/679307e2000000000d0086d4,https://www.xiaohongshu.com/explore/6a010ef8000000003701c720?xhsshare=CopyLink&type=video,"查找失败: Page.wait_for_timeout: Target page, context or browser has been closed"
964,笔记暂未设置标题,https://www.xiaohongshu.com/user/profile/686fbc8d000000001e009829,https://www.xiaohongshu.com/explore/6a01ce360000000006023dbe?xhsshare=CopyLink&type=video,笔记无标题(不可恢复)
965,笔记暂未设置标题,https://www.xiaohongshu.com/user/profile/68856bb5000000001d0088bc,https://www.xiaohongshu.com/explore/6a01880b000000000702fb2d?xhsshare=CopyLink&type=video,笔记无标题(不可恢复)
966,江苏国补扩围！智能家居补贴最高1500元,https://www.xiaohongshu.com/user/profile/65559bba000000000403a2fc,https://www.xiaohongshu.com/explore/6a013fed000000003601d867?xhsshare=CopyLink&type=video,"查找失败: Page.wait_for_timeout: Target page, context or browser has been closed"
967,第一次买洗碗机，两个人还是听劝买大的吧,https://www.xiaohongshu.com/user/profile/6974b460000000002102d5a9,https://www.xiaohongshu.com/explore/6a019bf40000000008001acd?xhsshare=CopyLink&type=video,"查找失败: Page.wait_for_timeout: Target page, context or browser has been closed"
968,618洗碗机｜李佳琦同款价 不用蹲直播间,https://www.xiaohongshu.com/user/profile/69c9d6cc000000003201ac72,https://www.xiaohongshu.com/explore/6a019d8a000000003502f06b?xhsshare=CopyLink&type=video,"查找失败: Page.wait_for_timeout: Target page, context or browser has been closed"
969,武汉小夫妻请42天月嫂的真实感受（无广）,https://www.xiaohongshu.com/user/profile/69cb895500000000340185b5,https://www.xiaohongshu.com/explore/6a01e501000000003503b935?xhsshare=CopyLink&type=video,"查找失败: Page.wait_for_timeout: Target page, context or browser has been closed"
970,静安 嘉里不夜城2房2厅价格2w出头,https://www.xiaohongshu.com/user/profile/649e3208000000000b01465b,https://www.xiaohongshu.com/explore/6a01673b0000000008001370?xhsshare=CopyLink&type=video,"查找失败: Page.wait_for_timeout: Target page, context or browser has been closed"
971,杭州个人房东直租！,https://www.xiaohongshu.com/user/profile/6593f378000000002200bf86,https://www.xiaohongshu.com/explore/6a01559a00000000070289e5?xhsshare=CopyLink&type=video,"查找失败: Page.wait_for_timeout: Target page, context or browser has been closed"
972,再也不想洗碗了！求推荐洗碗机,https://www.xiaohongshu.com/user/profile/63b8311c0000000026010055,https://www.xiaohongshu.com/explore/6a01ec4d000000000800054a?xhsshare=CopyLink&type=video,"查找失败: Page.wait_for_timeout: Target page, context or browser has been closed"
973,台式洗碗机，谁家差评少,https://www.xiaohongshu.com/user/profile/68dc390300000000370333ae,https://www.xiaohongshu.com/explore/6a0199eb0000000008033f1b?xhsshare=CopyLink&type=video,"查找失败: Page.wait_for_timeout: Target page, context or browser has been closed"
974,小店晋阳街｜立省25个 拿下155平大三居,https://www.xiaohongshu.com/user/profile/696705cd000000003201e6a0,https://www.xiaohongshu.com/explore/6a0151000000000035038179?xhsshare=CopyLink&type=video,"查找失败: Page.wait_for_timeout: Target page, context or browser has been closed"
975,闺蜜追着要链接的水果拼盘,https://www.xiaohongshu.com/user/profile/673d86c6000000001c01b05d,https://www.xiaohongshu.com/explore/6a00b4970000000036018cb5?xhsshare=CopyLink&type=video,"查找失败: Page.wait_for_timeout: Target page, context or browser has been closed"
976,下单了影视飓风同款的方太洗碗机,https://www.xiaohongshu.com/user/profile/5f9a9038000000000101c415,https://www.xiaohongshu.com/explore/6a01e2fb0000000007012fa8?xhsshare=CopyLink&type=video,"查找失败: Page.wait_for_timeout: Target page, context or browser has been closed"
977,喜欢吃龙虾，洗龙虾太麻烦怎么办！,https://www.xiaohongshu.com/user/profile/60705fff000000000100955f,https://www.xiaohongshu.com/explore/6a01427d00000000080029b4?xhsshare=CopyLink&type=video,"查找失败: Page.wait_for_timeout: Target page, context or browser has been closed"
978,南京新玄武133平方大4房精装地铁景观房😍,https://www.xiaohongshu.com/user/profile/65347aa7000000000301df5e,https://www.xiaohongshu.com/explore/6a0158820000000006030e24?xhsshare=CopyLink&type=video,"查找失败: Page.wait_for_timeout: Target page, context or browser has been closed"
979,笔记暂未设置标题,https://www.xiaohongshu.com/user/profile/60d948c30000000001006732,https://www.xiaohongshu.com/explore/6a01994a0000000037036b37?xhsshare=CopyLink&type=video,笔记无标题(不可恢复)
980,Auckland管道疏通｜马桶疏通室外下疏通,https://www.xiaohongshu.com/user/profile/5e6af2c4000000000100b313,https://www.xiaohongshu.com/explore/6a00f87d000000000603021b?xhsshare=CopyLink&type=video,"查找失败: Page.wait_for_timeout: Target page, context or browser has been closed"
981,笔记暂未设置标题,https://www.xiaohongshu.com/user/profile/62fdff92000000001200e523,https://www.xiaohongshu.com/explore/6a01dd0d0000000037037dfe?xhsshare=CopyLink&type=video,笔记无标题(不可恢复)
982,3W+无锡月子中心｜雅诗阁📸都是画报质感,https://www.xiaohongshu.com/user/profile/6667cefd000000001b0380db,https://www.xiaohongshu.com/explore/6a01693000000000060316a2?xhsshare=CopyLink&type=video,"查找失败: Page.wait_for_timeout: Target page, context or browser has been closed"
983,观音桥九街旁 法式奶油风 地暖拎包入住,https://www.xiaohongshu.com/user/profile/6911beed00000000370097b0,https://www.xiaohongshu.com/explore/6a01992d0000000006030483?xhsshare=CopyLink&type=video,"查找失败: Page.wait_for_timeout: Target page, context or browser has been closed"
984,笔记暂未设置标题,https://www.xiaohongshu.com/user/profile/5ca1f560000000001103d74d,https://www.xiaohongshu.com/explore/6a0128c10000000037036282?xhsshare=CopyLink&type=video,笔记无标题(不可恢复)
985,笔记暂未设置标题,https://www.xiaohongshu.com/user/profile/68ccf28d00000000210289cd,https://www.xiaohongshu.com/explore/6a01a368000000003502d63d?xhsshare=CopyLink&type=video,笔记无标题(不可恢复)
986,笔记暂未设置标题,https://www.xiaohongshu.com/user/profile/628256cc000000002102763b,https://www.xiaohongshu.com/explore/6a01b85d000000003502bc52?xhsshare=CopyLink&type=video,笔记无标题(不可恢复)
987,肖家河 左邻右舍精装套一2400/月实图实价,https://www.xiaohongshu.com/user/profile/60096d7f000000000100bb21,https://www.xiaohongshu.com/explore/6a01ea6300000000360309b3?xhsshare=CopyLink&type=video,"查找失败: Page.wait_for_timeout: Target page, context or browser has been closed"
988,树景房｜成都一环161平套三双卫出租9800,https://www.xiaohongshu.com/user/profile/677e3593000000000803f780,https://www.xiaohongshu.com/explore/6a00c6fe00000000070105c0?xhsshare=CopyLink&type=video,"查找失败: Page.wait_for_timeout: Target page, context or browser has been closed"
989,厨房救星！防油贴膜拯救柜子不能更香,https://www.xiaohongshu.com/user/profile/6962579e000000003702cb3b,https://www.xiaohongshu.com/explore/6a00b012000000003700c45d?xhsshare=CopyLink&type=video,"查找失败: Page.wait_for_timeout: Target page, context or browser has been closed"
990,Miele美诺洗碗机附加选项用法全解析,https://www.xiaohongshu.com/user/profile/6826049c000000000d00a527,https://www.xiaohongshu.com/explore/6a00b4020000000007012393?xhsshare=CopyLink&type=video,"查找失败: Page.wait_for_timeout: Target page, context or browser has been closed"
991,笔记暂未设置标题,https://www.xiaohongshu.com/user/profile/640f4b330000000010025dec,https://www.xiaohongshu.com/explore/6a016556000000003601de73?xhsshare=CopyLink&type=video,笔记无标题(不可恢复)
992,快来方太团购啦！🔥🔥🔥,https://www.xiaohongshu.com/user/profile/69b4baf9000000003402e0f7,https://www.xiaohongshu.com/explore/6a01a12e0000000038023698?xhsshare=CopyLink&type=video,"查找失败: Page.wait_for_timeout: Target page, context or browser has been closed"
993,嘉定稀缺次新｜金地嘉境90㎡三房｜精装全配,https://www.xiaohongshu.com/user/profile/680a4cb7000000000e01076d,https://www.xiaohongshu.com/explore/6a018c750000000008000715?xhsshare=CopyLink&type=video,"查找失败: Page.wait_for_timeout: Target page, context or browser has been closed"
994,纽约26fall丨哥大医学院通勤快 可8月,https://www.xiaohongshu.com/user/profile/67a6ffaa000000000601e1ae,https://www.xiaohongshu.com/explore/6a0173a60000000036018491?xhsshare=CopyLink&type=video,"查找失败: Page.wait_for_timeout: Target page, context or browser has been closed"
995,实验室洗瓶机选购指南，一篇给你讲明白,https://www.xiaohongshu.com/user/profile/69fd9a6a0000000002000c01,https://www.xiaohongshu.com/explore/6a01b7440000000008002fc8?xhsshare=CopyLink&type=video,"查找失败: Page.wait_for_timeout: Target page, context or browser has been closed"
996,妈妈生日送什么？按这4类选准没错🎂,https://www.xiaohongshu.com/user/profile/668b3c80000000000b031e51,https://www.xiaohongshu.com/explore/6a00b201000000003700cac4?xhsshare=CopyLink&type=video,"查找失败: Page.wait_for_timeout: Target page, context or browser has been closed"
997,美诺miele洗碗机嵌入式型号G6990敲击开门，,https://www.xiaohongshu.com/user/profile/5fa61d5d0000000001003faa,https://www.xiaohongshu.com/explore/6a0134240000000035027334?xhsshare=CopyLink&type=video,"查找失败: Page.wait_for_timeout: Target page, context or browser has been closed"
998,第一次装修❗装修100个避坑事项｜少走90%弯路,https://www.xiaohongshu.com/user/profile/685b8ce2000000001d00ac87,https://www.xiaohongshu.com/explore/6a01b0f4000000000702d998?xhsshare=CopyLink&type=video,"查找失败: Page.wait_for_timeout: Target page, context or browser has been closed"
999,笔记暂未设置标题,https://www.xiaohongshu.com/user/profile/67ea6b09000000000d0094c4,https://www.xiaohongshu.com/explore/6a01845a0000000008030e63?xhsshare=CopyLink&type=video,笔记无标题(不可恢复)
1000,曼城转租｜牛津街2B2B减价转 租期可议包Bill,https://www.xiaohongshu.com/user/profile/6440dc5e000000000c01ad7c,https://www.xiaohongshu.com/explore/6a0171d4000000000702ce12?xhsshare=CopyLink&type=video,"查找失败: Page.wait_for_timeout: Target page, context or browser has been closed"
1001,苏河湾一号三房✨速戳约看,https://www.xiaohongshu.com/user/profile/69427e80000000003702f804,https://www.xiaohongshu.com/explore/6a015afa00000000060235d6?xhsshare=CopyLink&type=video,"查找失败: Page.wait_for_timeout: Target page, context or browser has been closed"
1002,15号线丰翔路｜润府新上出租，新房交付,https://www.xiaohongshu.com/user/profile/5e54067a0000000001001348,https://www.xiaohongshu.com/explore/6a0178ac000000000702a3d5?xhsshare=CopyLink&type=video,"查找失败: Page.wait_for_timeout: Target page, context or browser has been closed"
1003,四季繁花系列｜3.8英寸蘸料碟来噜😆,https://www.xiaohongshu.com/user/profile/6341695b000000001901cd7b,https://www.xiaohongshu.com/explore/6a01a7670000000006036c06?xhsshare=CopyLink&type=video,"查找失败: Page.wait_for_timeout: Target page, context or browser has been closed"
1004,入住几年后，依然在用的锅具们！,https://www.xiaohongshu.com/user/profile/6103ace70000000001001dcf,https://www.xiaohongshu.com/explore/6a018ad30000000006034eda?xhsshare=CopyLink&type=video,"查找失败: Page.wait_for_timeout: Target page, context or browser has been closed"
1005,天河转租！小区公寓奶油风通透方正一房！,https://www.xiaohongshu.com/user/profile/69006b51000000003700027c,https://www.xiaohongshu.com/explore/6a00b95f000000003501cf6e?xhsshare=CopyLink&type=video,"查找失败: Page.wait_for_timeout: Target page, context or browser has been closed"
1006,中式复古龙盘茶台，泡茶居然这么优雅✨,https://www.xiaohongshu.com/user/profile/6905f569000000003002f51c,https://www.xiaohongshu.com/explore/6a00c7d60000000008031f82?xhsshare=CopyLink&type=video,"查找失败: Page.wait_for_timeout: Target page, context or browser has been closed"
1007,悉尼超大1b1b转租 650pw 🔥包家具,https://www.xiaohongshu.com/user/profile/6304542c000000001200187e,https://www.xiaohongshu.com/explore/6a017af70000000008025f4c?xhsshare=CopyLink&type=video,"查找失败: Page.wait_for_timeout: Target page, context or browser has been closed"
1008,📍萧山·绿城桂月云翠｜111方亏本包税急售,https://www.xiaohongshu.com/user/profile/65312303000000002a02902c,https://www.xiaohongshu.com/explore/6a01a3ee0000000035020f4c?xhsshare=CopyLink&type=video,"查找失败: Page.wait_for_timeout: Target page, context or browser has been closed"
1009,有洗碗机的日子真香🍲,https://www.xiaohongshu.com/user/profile/5bf5481f88ebc200015a3e54,https://www.xiaohongshu.com/explore/6a0138fa0000000008026cda?xhsshare=CopyLink&type=video,"查找失败: Page.wait_for_timeout: Target page, context or browser has been closed"
1010,新手必备！超实用一次性菜板分享,https://www.xiaohongshu.com/user/profile/68a1210d0000000019017dfb,https://www.xiaohongshu.com/explore/6a00ba5a0000000036019b31?xhsshare=CopyLink&type=video,"查找失败: Page.wait_for_timeout: Target page, context or browser has been closed"
1011,原来洗碗机还可以洗海鲜！,https://www.xiaohongshu.com/user/profile/6358deb0000000001901eed6,https://www.xiaohongshu.com/explore/6a01bb0b000000003502e139?xhsshare=CopyLink&type=video,"查找失败: Page.wait_for_timeout: Target page, context or browser has been closed"
1012,方太X20MAX水槽洗碗机现货，需要可了解,https://www.xiaohongshu.com/user/profile/60c050ca0000000001003d1d,https://www.xiaohongshu.com/explore/6a016e4b00000000060208e2?xhsshare=CopyLink&type=video,"查找失败: Page.wait_for_timeout: Target page, context or browser has been closed"
1013,整个用餐氛围直接飙升到“精致餐厅”级别,https://www.xiaohongshu.com/user/profile/64dc7dc7000000000100fa2b,https://www.xiaohongshu.com/explore/6a017a2b000000003700ee00?xhsshare=CopyLink&type=video,"查找失败: Page.wait_for_timeout: Target page, context or browser has been closed"
1014,终于找到方便又不土的果盘了,https://www.xiaohongshu.com/user/profile/673d86c6000000001c01b05d,https://www.xiaohongshu.com/explore/6a00b43a0000000036031b26?xhsshare=CopyLink&type=video,"查找失败: Page.wait_for_timeout: Target page, context or browser has been closed"
1015,精装房洗衣机改洗菜盆,https://www.xiaohongshu.com/user/profile/640278b90000000029010df4,https://www.xiaohongshu.com/explore/6a0137c7000000003700d5e3?xhsshare=CopyLink&type=video,"查找失败: Page.wait_for_timeout: Target page, context or browser has been closed"
1016,北京自用阿姨无偿帮转，放心用,https://www.xiaohongshu.com/user/profile/69f028100000000002000c04,https://www.xiaohongshu.com/explore/6a0141560000000007023f01?xhsshare=CopyLink&type=video,"查找失败: Page.wait_for_timeout: Target page, context or browser has been closed"
1017,独居天花板✨日月光1房1厅公寓,https://www.xiaohongshu.com/user/profile/69de16d90000000033038e81,https://www.xiaohongshu.com/explore/6a019cdd0000000038021ac0?xhsshare=CopyLink&type=video,"查找失败: Page.wait_for_timeout: Target page, context or browser has been closed"
1018,西安逛展|酒店餐饮人必来✨倒计时最后三天,https://www.xiaohongshu.com/user/profile/661cc093000000000700645f,https://www.xiaohongshu.com/explore/6a013efc000000000603127c?xhsshare=CopyLink&type=video,"查找失败: Page.wait_for_timeout: Target page, context or browser has been closed"
1019,厨下改造完成✅,https://www.xiaohongshu.com/user/profile/689e6ffc000000001a0246bc,https://www.xiaohongshu.com/explore/6a01d6a00000000007012de3?xhsshare=CopyLink&type=video,"查找失败: Page.wait_for_timeout: Target page, context or browser has been closed"
1020,紧靠万汇城｜三室一厅两卫3.8K,https://www.xiaohongshu.com/user/profile/69887b18000000002102f83f,https://www.xiaohongshu.com/explore/6a00dfae000000003502082d?xhsshare=CopyLink&type=video,"查找失败: Page.wait_for_timeout: Target page, context or browser has been closed"
1021,龙湖天街旁｜三室两卫 采光超好 南北通透☀️,https://www.xiaohongshu.com/user/profile/5e9ce807000000000100a96e,https://www.xiaohongshu.com/explore/6a01b19400000000070293ef?xhsshare=CopyLink&type=video,"查找失败: Page.wait_for_timeout: Target page, context or browser has been closed"
1022,拆个米饭碗🐟越看越喜欢！！,https://www.xiaohongshu.com/user/profile/676076b10000000018014144,https://www.xiaohongshu.com/explore/69ff7f270000000037034514?xhsshare=CopyLink&type=video,"查找失败: Page.wait_for_timeout: Target page, context or browser has been closed"
1023,捡漏，曼大租房165pw步行到校，还带洗碗机,https://www.xiaohongshu.com/user/profile/673457a0000000000100273a,https://www.xiaohongshu.com/explore/6a0195d7000000003502c120?xhsshare=CopyLink&type=video,"查找失败: Page.wait_for_timeout: Target page, context or browser has been closed"
1024,当我有一台洗碗机,https://www.xiaohongshu.com/user/profile/60705fff000000000100955f,https://www.xiaohongshu.com/explore/6a013514000000000702b0bd?xhsshare=CopyLink&type=video,"查找失败: Page.wait_for_timeout: Target page, context or browser has been closed"
1025,曼彻斯特个人转租1b1b 大落地窗+洗碗机,https://www.xiaohongshu.com/user/profile/61d92395000000001000f3ed,https://www.xiaohongshu.com/explore/6a01af8e000000003700ee66?xhsshare=CopyLink&type=video,"查找失败: Page.wait_for_timeout: Target page, context or browser has been closed"
1026,笔记暂未设置标题,https://www.xiaohongshu.com/user/profile/5a169ff74eacab5b722dd35a,https://www.xiaohongshu.com/explore/6a01483100000000350221ff?xhsshare=CopyLink&type=video,笔记无标题(不可恢复)
1027,谁说嵌入式洗碗机不好看？,https://www.xiaohongshu.com/user/profile/68a00c4e000000001901a6dd,https://www.xiaohongshu.com/explore/6a013feb000000003503091a?xhsshare=CopyLink&type=video,"查找失败: Page.wait_for_timeout: Target page, context or browser has been closed"
1028,郴州出闲置电器,https://www.xiaohongshu.com/user/profile/5a1593a811be10311e578410,https://www.xiaohongshu.com/explore/6a0169ae0000000008001e31?xhsshare=CopyLink&type=video,"查找失败: Page.wait_for_timeout: Target page, context or browser has been closed"
1029,一站新江湾｜ 减300W起｜700起江湾金茂府｜,https://www.xiaohongshu.com/user/profile/69bb48d9000000003301923e,https://www.xiaohongshu.com/explore/6a0128d40000000038023ba5?xhsshare=CopyLink&type=video,"查找失败: Page.wait_for_timeout: Target page, context or browser has been closed"
1030,福州厦门厨房翻新，橱柜改造,https://www.xiaohongshu.com/user/profile/657e34370000000020031b83,https://www.xiaohongshu.com/explore/6a01f3c100000000360339a4?xhsshare=CopyLink&type=video,"查找失败: Page.wait_for_timeout: Target page, context or browser has been closed"
1031,谁懂啊！这只樱花小碟子把夏天装进来了！,https://www.xiaohongshu.com/user/profile/5cda1c490000000005008d4d,https://www.xiaohongshu.com/explore/6a0169ab0000000038034a79?xhsshare=CopyLink&type=video,"查找失败: Page.wait_for_timeout: Target page, context or browser has been closed"
1032,Talavera de la Reina 房间出租,https://www.xiaohongshu.com/user/profile/6593097c00000000220046c2,https://www.xiaohongshu.com/explore/6a00eeb3000000000f03ac00?xhsshare=CopyLink&type=video,"查找失败: Page.wait_for_timeout: Target page, context or browser has been closed"
1033,普通人没有滤镜的厨房，3平米竟然应有尽有,https://www.xiaohongshu.com/user/profile/62c43f680000000015017c7c,https://www.xiaohongshu.com/explore/6a01ce01000000003503b22f?xhsshare=CopyLink&type=video,"查找失败: Page.wait_for_timeout: Target page, context or browser has been closed"
1034,请把这套全网都喜欢的餐具盲盒推给你姐妹,https://www.xiaohongshu.com/user/profile/681caf68000000000a03c261,https://www.xiaohongshu.com/explore/6a0169a60000000036032051?xhsshare=CopyLink&type=video,"查找失败: Page.wait_for_timeout: Target page, context or browser has been closed"
1035,520送TA准没错！绝对干货！,https://www.xiaohongshu.com/user/profile/61d84cc9000000001000a0a1,https://www.xiaohongshu.com/explore/6a012083000000003503ac02?xhsshare=CopyLink&type=video,"查找失败: Page.wait_for_timeout: Target page, context or browser has been closed"
1036,三墩双地铁口带露台的房子,https://www.xiaohongshu.com/user/profile/64155c7a0000000012013ea2,https://www.xiaohongshu.com/explore/6a01cd500000000038034a83?xhsshare=CopyLink&type=video,"查找失败: Page.wait_for_timeout: Target page, context or browser has been closed"
1037,长方形陶瓷盘｜饭店同款组合,https://www.xiaohongshu.com/user/profile/689ec575000000001802fb53,https://www.xiaohongshu.com/explore/6a00accf0000000037034355?xhsshare=CopyLink&type=video,"查找失败: Page.wait_for_timeout: Target page, context or browser has been closed"
1038,肖家河 红牌楼北街19号精装套二2250/月,https://www.xiaohongshu.com/user/profile/60096d7f000000000100bb21,https://www.xiaohongshu.com/explore/6a01ebfa000000003700cb7b?xhsshare=CopyLink&type=video,"查找失败: Page.wait_for_timeout: Target page, context or browser has been closed"
1039,方太X20MAX水槽洗碗机怎么样,https://www.xiaohongshu.com/user/profile/69ae5dfd000000003302bc82,https://www.xiaohongshu.com/explore/6a01e0c7000000003601e570?xhsshare=CopyLink&type=video,"查找失败: Page.wait_for_timeout: Target page, context or browser has been closed"
1040,有问必答,https://www.xiaohongshu.com/user/profile/6961b37f0000000037007226,https://www.xiaohongshu.com/explore/6a016b33000000003802029e?xhsshare=CopyLink&type=video,"查找失败: Page.wait_for_timeout: Target page, context or browser has been closed"
1041,洗碗机解放双手实测！,https://www.xiaohongshu.com/user/profile/5fa897920000000001000201,https://www.xiaohongshu.com/explore/6a013b500000000035021d72?xhsshare=CopyLink&type=video,"查找失败: Page.wait_for_timeout: Target page, context or browser has been closed"
1042,有仪式感的水果盘子,https://www.xiaohongshu.com/user/profile/673d86c6000000001c01b05d,https://www.xiaohongshu.com/explore/6a00b476000000003601ed76?xhsshare=CopyLink&type=video,"查找失败: Page.wait_for_timeout: Target page, context or browser has been closed"
